SQ_CANDIDATO;NM_URNA_CANDIDATO;NM_CANDIDATO;NR_CANDIDATO;SG_PARTIDO;DS_CARGO;DS_SITUACAO_CANDIDATURA;DS_SITUACAO_JULGAMENTO_PLEITO;DS_SITUACAO_JULGAMENTO;DS_SITUACAO_CANDIDATO_PLEITO;DS_SIT_TOT_TURNO;DS_GENERO;DS_OCUPACAO;DS_COMPOSICAO_FEDERACAO;NM_FEDERACAO;SG_UF;URL_CANDIDATO;URL_DIVULGACAND
100002551391;MARINALDO ALVES;MARINALDO CARVALHO ALVES;3310;MOBILIZA;DEPUTADO FEDERAL;;;;;;MASCULINO;OUTROS;;;MA;;
100002550524;GATO FÉLIX;FELIX LIMA E SILVA;21021;PCB;DEPUTADO ESTADUAL;;;;;;MASCULINO;TRABALHADOR DE CONSTRUÇÃO CIVIL;;;MA;;
100002535487;EDILAZIO;EDILAZIO GOMES DA SILVA JUNIOR;10333;REPUBLICANOS;DEPUTADO ESTADUAL;;;;;;MASCULINO;ADVOGADO;;;MA;;
100002545278;PAULO ROMÃO;PAULO ROMAO MEIRELES NETO;13613;PT;DEPUTADO ESTADUAL;;;;;;MASCULINO;PUBLICITÁRIO;13-PT/65-PC do B/43-PV;FEDERAÇÃO BRASIL DA ESPERANÇA - FE BRASIL;MA;;
100002548852;KELLY SANTOS;KELLY CRISTINA SANTOS SILVA;500;PSOL;2º SUPLENTE;;;;;;FEMININO;PROFESSOR DE ENSINO MÉDIO;50-PSOL/18-REDE;FEDERAÇÃO PSOL REDE;MA;;
100002544074;BARTOLOMEU;BARTOLOMEU MOREIRA;21;PCB;VICE-GOVERNADOR;;;;;;MASCULINO;TRABALHADOR RURAL;;;MA;;
100002536093;IRACEMA VALE;IRACEMA CRISTINA VALE LIMA;1544;MDB;DEPUTADO FEDERAL;;;;;ELEITO POR QP;FEMININO;ENFERMEIRO;;;MA;;
100002536101;VINICIUS FERRO;VINICIUS CESAR FERRO CASTRO;1533;MDB;DEPUTADO FEDERAL;;;;;ELEITO POR QP;MASCULINO;CONTADOR;;;MA;;
100002536092;RAIMUNDO COELHO;RAIMUNDO COELHO DE SOUSA;1522;MDB;DEPUTADO FEDERAL;;;;;SUPLENTE;MASCULINO;AGRÔNOMO;;;MA;;
100002542877;KELLYANE CALVET;KELLYANE CUNHA CALVET;4477;UNIÃO;DEPUTADO FEDERAL;;;;;SUPLENTE;FEMININO;ADMINISTRADOR;44-UNIÃO/11-PP;FEDERAÇÃO UNIÃO PROGRESSISTA;MA;;
100002548252;COLETIVO UNIÃO;EDER SANTOS DE ALENCAR;4467;UNIÃO;DEPUTADO FEDERAL;;;;;SUPLENTE;MASCULINO;VEREADOR;44-UNIÃO/11-PP;FEDERAÇÃO UNIÃO PROGRESSISTA;MA;;
100002542870;ARISTEU GOMES;ARISTEU GOMES NETO;4422;UNIÃO;DEPUTADO FEDERAL;;;;;SUPLENTE;MASCULINO;POLICIAL MILITAR;44-UNIÃO/11-PP;FEDERAÇÃO UNIÃO PROGRESSISTA;MA;;
100002542869;AMANDA GENTIL;AMANDA KELLY GENTIL GUIMARAES ROSA;1111;PP;DEPUTADO FEDERAL;;;;;ELEITO POR QP;FEMININO;ESTUDANTE, BOLSISTA, ESTAGIÁRIO E ASSEMELHADOS;44-UNIÃO/11-PP;FEDERAÇÃO UNIÃO PROGRESSISTA;MA;;
100002551390;FERNANDO SIQUEIRA;FERNANDO ANTONIO CALDAS SIQUEIRA;3300;MOBILIZA;DEPUTADO FEDERAL;;;;;NÃO ELEITO;MASCULINO;OUTROS;;;MA;;
100002551393;JULIO SIMÕES;JULIO SIMOES FILHO;3312;MOBILIZA;DEPUTADO FEDERAL;;;;;NÃO ELEITO;MASCULINO;APOSENTADO (EXCETO SERVIDOR PÚBLICO);;;MA;;
100002551389;GRACILENE FONSECA;GRACILENE SILVA FONSECA;3340;MOBILIZA;DEPUTADO FEDERAL;;;;;NÃO ELEITO;FEMININO;GERENTE;;;MA;;
100002535238;SAMUEL ARAGÃO;ARNALDO SAMUEL AMORIM ARAGÃO;1288;PDT;DEPUTADO FEDERAL;;;;;SUPLENTE;MASCULINO;EMPRESÁRIO;;;MA;;
100002535249;CIDA SOL;MARIA APARECIDA PINTO PEREIRA;1213;PDT;DEPUTADO FEDERAL;;;;;SUPLENTE;FEMININO;APOSENTADO (EXCETO SERVIDOR PÚBLICO);;;MA;;
100002537326;WELLYNGTON RIBEIRO;WELLYNGTON DA SILVA RIBEIRO;1410;MISSÃO;DEPUTADO FEDERAL;;;;;NÃO ELEITO;MASCULINO;VENDEDOR DE COMÉRCIO VAREJISTA E ATACADISTA;;;MA;;
100002541471;ELSON DA SAÚDE;ELSON FONSECA COSTA;4033;PSB;DEPUTADO FEDERAL;;;;;NÃO ELEITO;MASCULINO;SERVIDOR PÚBLICO FEDERAL;;;MA;;
100002548251;PASTOR MARCOS SILVA;ANTONIO MARCOS SOUSA DA SILVA;2300;CIDADANIA;DEPUTADO FEDERAL;;;;;SUPLENTE;MASCULINO;MECÂNICO DE MANUTENÇÃO;45-PSDB/23-CIDADANIA;FEDERAÇÃO PSDB CIDADANIA;MA;;
100002548237;DINHA PINHEIRO;MARIA RAIMUNDA PIRES PINHEIRO NETA;2310;CIDADANIA;DEPUTADO FEDERAL;;;;;SUPLENTE;FEMININO;OUTROS;45-PSDB/23-CIDADANIA;FEDERAÇÃO PSDB CIDADANIA;MA;;
100002548244;DO CARMO;MARIA DO CARMO ROCHA CANTANHEDE;2333;CIDADANIA;DEPUTADO FEDERAL;;;;;SUPLENTE;FEMININO;OUTROS;45-PSDB/23-CIDADANIA;FEDERAÇÃO PSDB CIDADANIA;MA;;
100002548241;COROBA;BENEDITO DE JESUS NASCIMENTO NETO;2323;CIDADANIA;DEPUTADO FEDERAL;;;;;SUPLENTE;MASCULINO;ADVOGADO;45-PSDB/23-CIDADANIA;FEDERAÇÃO PSDB CIDADANIA;MA;;
100002548235;CLAUDIMÊ;CLAUDIME ARAUJO LIMA;4567;PSDB;DEPUTADO FEDERAL;;;;;SUPLENTE;FEMININO;EMPRESÁRIO;45-PSDB/23-CIDADANIA;FEDERAÇÃO PSDB CIDADANIA;MA;;
100002535234;LEANDRO SOUSA;LEANDRO DE SOUSA SILVA;1044;REPUBLICANOS;DEPUTADO FEDERAL;;;;;SUPLENTE;MASCULINO;EMPRESÁRIO;;;MA;;
100002550729;TK;THAMAISON WIDSON RIBEIRO ARAUJO;7021;AVANTE;DEPUTADO FEDERAL;;;;;NÃO ELEITO;MASCULINO;EMPRESÁRIO;;;MA;;
100002554314;NAZARENO;JOSE NAZARENO ALVES DE BARROS;7090;AVANTE;DEPUTADO FEDERAL;;;;;NÃO ELEITO;MASCULINO;EMPRESÁRIO;;;MA;;
100002550745;RUBINHO;RUBEM LOPES LIMA;7033;AVANTE;DEPUTADO FEDERAL;;;;;NÃO ELEITO;MASCULINO;VEREADOR;;;MA;;
100002554408;BRAGA DO POVO;WIBSON BRAGA BARROS;2700;DC;DEPUTADO FEDERAL;;;;;NÃO ELEITO;MASCULINO;EMPRESÁRIO;;;MA;;
100002545713;PERON FIGUEIREDO;PERON FIGUEIREDO DA CUNHA;3099;NOVO;DEPUTADO FEDERAL;;;;;NÃO ELEITO;MASCULINO;ADMINISTRADOR;;;MA;;
100002545700;NUBIA DO HERMES;NUBIA SILVA DE CARVALHO;3077;NOVO;DEPUTADO FEDERAL;;;;;NÃO ELEITO;FEMININO;EMPRESÁRIO;;;MA;;
100002537315;ZÉ MARIA SAMPAIO;JOSE MARIA SAMPAIO;2028;PODE;DEPUTADO FEDERAL;;;;;NÃO ELEITO;MASCULINO;PRODUTOR AGROPECUÁRIO;;;MA;;
100002542559;COLETIVO SAMUEL DE ITAPECURU;SAMOEL CAMPELO;2526;PRD;DEPUTADO FEDERAL;;;;;SUPLENTE;MASCULINO;OUTROS;25-PRD/77-SOLIDARIEDADE;FEDERAÇÃO RENOVAÇÃO SOLIDÁRIA;MA;;
100002548022;SAMUEL EVANGELISTA;SAMUEL DE ALMEIDA EVANGELISTA;5077;PSOL;DEPUTADO FEDERAL;;;;;NÃO ELEITO;MASCULINO;VENDEDOR PRACISTA, REPRESENTANTE, CAIXEIRO-VIAJANTE E ASSEMELHADOS;50-PSOL/18-REDE;FEDERAÇÃO PSOL REDE;MA;;
100002553724;LINDENBERG BRAGA;LINDENBERG CUNHA BRAGA;5056;PSOL;DEPUTADO FEDERAL;;;;;NÃO ELEITO;MASCULINO;BANCÁRIO E ECONOMIÁRIO;50-PSOL/18-REDE;FEDERAÇÃO PSOL REDE;MA;;
100002548028;PROFESSORA ESMERALDA;ESMERALDA LACERDA ARAUJO FRANCA;5010;PSOL;DEPUTADO FEDERAL;;;;;NÃO ELEITO;FEMININO;DONA DE CASA;50-PSOL/18-REDE;FEDERAÇÃO PSOL REDE;MA;;
100002546936;CREUZAMAR;CREUSAMAR DE PINHO;1301;PT;DEPUTADO FEDERAL;;;;;SUPLENTE;FEMININO;ASSISTENTE SOCIAL;13-PT/65-PC do B/43-PV;FEDERAÇÃO BRASIL DA ESPERANÇA - FE BRASIL;MA;;
100002546932;DRA. FERNANDA BARROS;FERNANDA FERREIRA BARROS MUNIZ;1322;PT;DEPUTADO FEDERAL;;;;;SUPLENTE;FEMININO;ADVOGADO;13-PT/65-PC do B/43-PV;FEDERAÇÃO BRASIL DA ESPERANÇA - FE BRASIL;MA;;
100002544444;FERNANDO BRAIDE;FERNANDO SALIM BRAIDE;5555;PSD;DEPUTADO FEDERAL;;;;;NÃO ELEITO;MASCULINO;DEPUTADO;;;MA;;
100002551482;MICHELLE SANTOS;MICHELE RIBEIRO DOS SANTOS;15611;MDB;DEPUTADO ESTADUAL;;;;;SUPLENTE;FEMININO;ESTUDANTE, BOLSISTA, ESTAGIÁRIO E ASSEMELHADOS;;;MA;;
100002540256;TIAGO FERNANDES;TIAGO JOSE MENDES FERNANDES;15999;MDB;DEPUTADO ESTADUAL;;;;;ELEITO POR QP;MASCULINO;ADVOGADO;;;MA;;
100002540275;RICARDO ARRUDA;RICARDO JOSÉ SÁ FORTES DE ARRUDA;15000;MDB;DEPUTADO ESTADUAL;;;;;SUPLENTE;MASCULINO;DEPUTADO;;;MA;;
100002540272;ARISTON;ARISTON RIBEIRO DE SOUSA;15233;MDB;DEPUTADO ESTADUAL;;;;;ELEITO POR MÉDIA;MASCULINO;DEPUTADO;;;MA;;
100002540260;IVO REZENDE;IVO REZENDE ARAGAO;15400;MDB;DEPUTADO ESTADUAL;;;;;ELEITO POR QP;MASCULINO;ADVOGADO;;;MA;;
100002545730;MARIA CLARA MACEDO;MARIA CLARA MARINHO EGITO SANTOS MACEDO CORINGA;40000;PSB;DEPUTADO ESTADUAL;;;;;SUPLENTE;FEMININO;MÉDICO;;;MA;;
100002551518;JAY DO POVO;JAINARA NASCIMENTO COSTA;77778;SOLIDARIEDADE;DEPUTADO ESTADUAL;;;;;SUPLENTE;FEMININO;EMPRESÁRIO;25-PRD/77-SOLIDARIEDADE;FEDERAÇÃO RENOVAÇÃO SOLIDÁRIA;MA;;
100002542590;LOUISE MACHADO;LOUÍSE MACHADO MENDES;25125;PRD;DEPUTADO ESTADUAL;;;;;SUPLENTE;FEMININO;ESTUDANTE, BOLSISTA, ESTAGIÁRIO E ASSEMELHADOS;25-PRD/77-SOLIDARIEDADE;FEDERAÇÃO RENOVAÇÃO SOLIDÁRIA;MA;;
100002542584;LUANDA PALÁCIO;LUANDA CRUZ PALACIO;77099;SOLIDARIEDADE;DEPUTADO ESTADUAL;;;;;SUPLENTE;FEMININO;ESTUDANTE, BOLSISTA, ESTAGIÁRIO E ASSEMELHADOS;25-PRD/77-SOLIDARIEDADE;FEDERAÇÃO RENOVAÇÃO SOLIDÁRIA;MA;;
100002535475;SARGENTO ADRIANO;ADRIANO LIMA BRITO;10190;REPUBLICANOS;DEPUTADO ESTADUAL;;;;;SUPLENTE;MASCULINO;POLICIAL MILITAR;;;MA;;
100002537293;ENFERMEIRA ELIZIANE;ELIZIANE DOS SANTOS MENDES;22500;PL;DEPUTADO ESTADUAL;;;;;SUPLENTE;FEMININO;ENFERMEIRO;;;MA;;
100002549211;FRANKLIN;FRANKLIN DOUGLAS FERREIRA;50100;PSOL;DEPUTADO ESTADUAL;;;;;NÃO ELEITO;MASCULINO;PROFESSOR DE ENSINO SUPERIOR;50-PSOL/18-REDE;FEDERAÇÃO PSOL REDE;MA;;
100002550418;DR.HILTON GONÇALO;HILTON GONCALO DE SOUSA;333;MOBILIZA;SENADOR;;;;;NÃO ELEITO;MASCULINO;MÉDICO;;;MA;;
100002545276;MARCELO - COLETIVO RESISTÊNCIA;PAULO MARCELO CASTELO BRANCO SANTOS;13213;PT;DEPUTADO ESTADUAL;;;;;SUPLENTE;MASCULINO;SERVIDOR PÚBLICO ESTADUAL;13-PT/65-PC do B/43-PV;FEDERAÇÃO BRASIL DA ESPERANÇA - FE BRASIL;MA;;
100002545259;MINGOS SALAZAR;LUIS DOMINGOS SALAZAR DE ASSIS SOUSA;13133;PT;DEPUTADO ESTADUAL;;;;;SUPLENTE;MASCULINO;EMPRESÁRIO;13-PT/65-PC do B/43-PV;FEDERAÇÃO BRASIL DA ESPERANÇA - FE BRASIL;MA;;
100002545255;DR. RUBENS;RUBENS ARAUJO DA SILVA;65555;PCDOB;DEPUTADO ESTADUAL;;;;;SUPLENTE;MASCULINO;VEREADOR;13-PT/65-PC do B/43-PV;FEDERAÇÃO BRASIL DA ESPERANÇA - FE BRASIL;MA;;
100002550962;AGNALDO DO SAMU;AGNALDO FERNANDO COSTA SERRA;70192;AVANTE;DEPUTADO ESTADUAL;;;;;NÃO ELEITO;MASCULINO;SERVIDOR PÚBLICO MUNICIPAL;;;MA;;
100002550966;SANDRA CRUZ;SANDRA MARIA DUARTE CRUZ;70171;AVANTE;DEPUTADO ESTADUAL;;;;;NÃO ELEITO;FEMININO;APOSENTADO (EXCETO SERVIDOR PÚBLICO);;;MA;;
100002550967;WALDEMAR RIBEIRO;WALDEMAR RIBEIRO BOTTENTUIT NETO;70116;AVANTE;DEPUTADO ESTADUAL;;;;;NÃO ELEITO;MASCULINO;EMPRESÁRIO;;;MA;;
100002550969;TASSIA MARINHO;TASSIA MARINHO MENDONCA;70033;AVANTE;DEPUTADO ESTADUAL;;;;;NÃO ELEITO;FEMININO;PEDAGOGO;;;MA;;
100002554113;PROFA BELFORTT;MARIA DA CONCEICAO RODRIGUES BELFORT;70123;AVANTE;DEPUTADO ESTADUAL;;;;;NÃO ELEITO;FEMININO;PEDAGOGO;;;MA;;
100002550961;DORA RIOS;MARIA DAS DORES RIOS SILVA;70444;AVANTE;DEPUTADO ESTADUAL;;;;;NÃO ELEITO;FEMININO;PROFESSOR DE ENSINO MÉDIO;;;MA;;
100002542856;TENENTE WELTON;WELTON SOUSA MARTINS;44999;UNIÃO;DEPUTADO ESTADUAL;;;;;SUPLENTE;MASCULINO;BOMBEIRO MILITAR;44-UNIÃO/11-PP;FEDERAÇÃO UNIÃO PROGRESSISTA;MA;;
100002542853;DR. PAULO RICARDO;PAULO RICARDO DA SILVA OLIVEIRA;44321;UNIÃO;DEPUTADO ESTADUAL;;;;;SUPLENTE;MASCULINO;MÉDICO;44-UNIÃO/11-PP;FEDERAÇÃO UNIÃO PROGRESSISTA;MA;;
100002545688;ROBERT LEMOS;ROBERT ANDREWS BEZERRA ALBERTO;30222;NOVO;DEPUTADO ESTADUAL;;;;;NÃO ELEITO;MASCULINO;CORRETOR DE IMÓVEIS, SEGUROS, TÍTULOS E VALORES;;;MA;;
100002545689;IRMÃ ELIETE SILVA;MARIA ELIETE SILVA PEREIRA COLLINS;30223;NOVO;DEPUTADO ESTADUAL;;;;;NÃO ELEITO;FEMININO;APOSENTADO (EXCETO SERVIDOR PÚBLICO);;;MA;;
100002545686;MARTA SURAMA;MARTA SURAMA VIEIRA COSTA;30789;NOVO;DEPUTADO ESTADUAL;;;;;NÃO ELEITO;FEMININO;AGRÔNOMO;;;MA;;
100002545696;ALEXANDRE ROCHA;FRANCISCO ALEXANDRE ROCHA DA SILVA;30077;NOVO;DEPUTADO ESTADUAL;;;;;NÃO ELEITO;MASCULINO;EMPRESÁRIO;;;MA;;
100002550345;PAULA PRATA;PAULA PRATA ALMEIDA DE CARVALHO;55000;PSD;DEPUTADO ESTADUAL;;;;;ELEITO POR QP;FEMININO;SERVIDOR PÚBLICO MUNICIPAL;;;MA;;
100002550332;RODRIGO ARRAIS;RODRIGO ANTONIO ARANHA ARRAIS E SILVA SANTOS;55777;PSD;DEPUTADO ESTADUAL;;;;;SUPLENTE;MASCULINO;ADVOGADO;;;MA;;
100002550336;PASTOR FREDERIC;FREDERIC JOSÉ LIMA TEIXEIRA;55678;PSD;DEPUTADO ESTADUAL;;;;;SUPLENTE;MASCULINO;OUTROS;;;MA;;
100002549015;JOSÉ JK;JOSE PEREIRA BARBOSA;212;PCB;1º SUPLENTE;;;;;NÃO ELEITO;MASCULINO;FOTÓGRAFO E ASSEMELHADOS;;;MA;;
100002545680;ELAINE CARNEIRO;ELAINE CORTEZ CARNEIRO;55;PSD;VICE-GOVERNADOR;;;;;ELEITO;FEMININO;EMPRESÁRIO;;;MA;;
100002552699;CHARLIETH VIANA;CHARLIETH MACIEL VIANA BARROS;29;PCO;VICE-GOVERNADOR;;;;;NÃO ELEITO;FEMININO;PROFESSOR DE ENSINO MÉDIO;;;MA;;
100002544075;PROF. CADU;CARLOS EDUARDO SOUSA AGUIAR;14;MISSÃO;VICE-GOVERNADOR;;;;;NÃO ELEITO;MASCULINO;PSICÓLOGO;;;MA;;
100002534191;PRETA LU;LUCIANA COSTA CORREA;16;PSTU;VICE-GOVERNADOR;;;;;NÃO ELEITO;FEMININO;ARTESÃO;;;MA;;
100002536100;ISABELLE PASSINHO;ISABELLE PASSINHO DA SILVA;1577;MDB;DEPUTADO FEDERAL;;;;;;FEMININO;ADVOGADO;;;MA;;
100002535246;SOPHIA GOMES;SOPHIA HANA ARAUJO GOMES;1221;PDT;DEPUTADO FEDERAL;;;;;;FEMININO;ESTUDANTE, BOLSISTA, ESTAGIÁRIO E ASSEMELHADOS;;;MA;;
100002537329;JEFFERSON CRUZ;JEFFERSON SOUSA DA CRUZ;1400;MISSÃO;DEPUTADO FEDERAL;;;;;;MASCULINO;EMPRESÁRIO;;;MA;;
100002535228;ANDERSON MARTINS;ANDERSON MARTINS DAS DORES;1015;REPUBLICANOS;DEPUTADO FEDERAL;;;;;;MASCULINO;LOCUTOR E COMENTARISTA DE RÁDIO E TELEVISÃO E RADIALISTA;;;MA;;
100002550728;GENIVAL AVANTE MARANHÃO;GENIVAL ALVES DA SILVA;7055;AVANTE;DEPUTADO FEDERAL;;;;;;MASCULINO;ADMINISTRADOR;;;MA;;
100002542579;DIEGO UBER;DIÊGO REIS RODRIGUES;25888;PRD;DEPUTADO ESTADUAL;;;;;;MASCULINO;MOTORISTA PARTICULAR;25-PRD/77-SOLIDARIEDADE;FEDERAÇÃO RENOVAÇÃO SOLIDÁRIA;MA;;
100002553399;SD FABRICIA;FABRICIA COSTA SILVA;11111;PP;DEPUTADO ESTADUAL;;;;;;FEMININO;POLICIAL MILITAR;44-UNIÃO/11-PP;FEDERAÇÃO UNIÃO PROGRESSISTA;MA;;
100002544073;REGINALDO LIMA;REGINALDO LIMA BRAUNO;21;PCB;GOVERNADOR;;;;;NÃO ELEITO;MASCULINO;LOCUTOR E COMENTARISTA DE RÁDIO E TELEVISÃO E RADIALISTA;;;MA;;
100002536089;ANDERSON FERREIRA;ANDERSON PIRES FERREIRA;1513;MDB;DEPUTADO FEDERAL;;;;;SUPLENTE;MASCULINO;BIÓLOGO;;;MA;;
100002536094;JUNIOR LOURENÇO;JOSÉ LOURENÇO BONFIM JUNIOR;1500;MDB;DEPUTADO FEDERAL;;;;;ELEITO POR MÉDIA;MASCULINO;CONTADOR;;;MA;;
100002542873;GUGU SEBA;JOSE FRANKLIN SEBA RODRIGUES;4413;UNIÃO;DEPUTADO FEDERAL;;;;;SUPLENTE;MASCULINO;ADVOGADO;44-UNIÃO/11-PP;FEDERAÇÃO UNIÃO PROGRESSISTA;MA;;
100002542876;INGRID ANDRADE;INGRID RAQUEL ANDRADE RIBEIRO;4455;UNIÃO;DEPUTADO FEDERAL;;;;;SUPLENTE;FEMININO;EMPRESÁRIO;44-UNIÃO/11-PP;FEDERAÇÃO UNIÃO PROGRESSISTA;MA;;
100002542881;REJANNY BRAGA;REJANNY DE ASSIS BRAGA;4488;UNIÃO;DEPUTADO FEDERAL;;;;;SUPLENTE;FEMININO;JORNALISTA E REDATOR;44-UNIÃO/11-PP;FEDERAÇÃO UNIÃO PROGRESSISTA;MA;;
100002542868;IVAN JÚNIOR;MAURO IVAN FARIAS DE SANTIAGO JUNIOR;4420;UNIÃO;DEPUTADO FEDERAL;;;;;SUPLENTE;MASCULINO;EMPRESÁRIO;44-UNIÃO/11-PP;FEDERAÇÃO UNIÃO PROGRESSISTA;MA;;
100002537328;NATHIELY KATUCHA;NATHIELY KATUCHA FERREIRA GARCEZ;1421;MISSÃO;DEPUTADO FEDERAL;;;;;NÃO ELEITO;FEMININO;OUTROS;;;MA;;
100002537325;ANA ZENAIDE;ANA ZENAIDE ASSUNÇÃO SOARES LIMA;1414;MISSÃO;DEPUTADO FEDERAL;;;;;NÃO ELEITO;FEMININO;PEDAGOGO;;;MA;;
100002541478;MARCO AURÉLIO, COLETIVO FORÇA;MARCO AURELIO DA SILVA AZEVEDO;4011;PSB;DEPUTADO FEDERAL;;;;;NÃO ELEITO;MASCULINO;PROFESSOR DE ENSINO MÉDIO;;;MA;;
100002541475;PÉTALA;PETALA ADRIANNE PINTO MONTEIRO;4065;PSB;DEPUTADO FEDERAL;;;;;NÃO ELEITO;FEMININO;ESTUDANTE, BOLSISTA, ESTAGIÁRIO E ASSEMELHADOS;;;MA;;
100002548243;LUCI MORAES COLETIVO CIDADANIA;MARIA LUCIDALVA MORAES;2377;CIDADANIA;DEPUTADO FEDERAL;;;;;SUPLENTE;FEMININO;PESCADOR;45-PSDB/23-CIDADANIA;FEDERAÇÃO PSDB CIDADANIA;MA;;
100002535231;LUCAS ALVES;LUCAS ALVES MOURA;1011;REPUBLICANOS;DEPUTADO FEDERAL;;;;;SUPLENTE;MASCULINO;ODONTÓLOGO;;;MA;;
100002535222;OLAVO SAMPAIO;JOSE OLAVO SAMPAIO NETO;1077;REPUBLICANOS;DEPUTADO FEDERAL;;;;;SUPLENTE;MASCULINO;JORNALISTA E REDATOR;;;MA;;
100002550744;LELYSON MARANHÃO LIVRE;LELYSON RIBEIRO MACIEL FONSECA;7011;AVANTE;DEPUTADO FEDERAL;;;;;NÃO ELEITO;MASCULINO;OUTROS;;;MA;;
100002550736;ADAEL DA PESCA;ADAEL DOS SANTOS CAMARA;7005;AVANTE;DEPUTADO FEDERAL;;;;;NÃO ELEITO;MASCULINO;PESCADOR;;;MA;;
100002550742;NEGO DO POÇO;ALEXANDRO MAGNO SANTOS VIANA;7015;AVANTE;DEPUTADO FEDERAL;;;;;NÃO ELEITO;MASCULINO;VEREADOR;;;MA;;
100002550733;PAULO CAPOTE;PAULO RENATO DA SILVA MARQUES;7080;AVANTE;DEPUTADO FEDERAL;;;;;NÃO ELEITO;MASCULINO;EMPRESÁRIO;;;MA;;
100002545706;JOSE MATIAS;JOSE DA SILVA MATIAS;3040;NOVO;DEPUTADO FEDERAL;;;;;NÃO ELEITO;MASCULINO;JORNALISTA E REDATOR;;;MA;;
100002545702;PROFESSORA SIMONE;SIMONE ALVES LOPES SODRÉ;3012;NOVO;DEPUTADO FEDERAL;;;;;NÃO ELEITO;FEMININO;PROFESSOR DE ENSINO FUNDAMENTAL;;;MA;;
100002545698;MARTHA BRASIL;MARTHA SUZANA FARIAS BRASIL;3036;NOVO;DEPUTADO FEDERAL;;;;;NÃO ELEITO;FEMININO;PROFESSOR DE ENSINO MÉDIO;;;MA;;
100002545710;FS TA ON;FRANCIMAR DE SOUSA LOPES;3010;NOVO;DEPUTADO FEDERAL;;;;;NÃO ELEITO;MASCULINO;EMPRESÁRIO;;;MA;;
100002537314;RICARDO MURAD;RICARDO JORGE MURAD;2030;PODE;DEPUTADO FEDERAL;;;;;NÃO ELEITO;MASCULINO;EMPRESÁRIO;;;MA;;
100002537309;FERNANDO FEITOSA;FERNANDO JOSÉ SANTOS FEITOSA;2089;PODE;DEPUTADO FEDERAL;;;;;NÃO ELEITO;MASCULINO;VEREADOR;;;MA;;
100002542560;MARRECA FILHO;ANTONIO DA CRUZ FILGUEIRA NETO;2522;PRD;DEPUTADO FEDERAL;;;;;ELEITO POR QP;MASCULINO;EMPRESÁRIO;25-PRD/77-SOLIDARIEDADE;FEDERAÇÃO RENOVAÇÃO SOLIDÁRIA;MA;;
100002542558;PÁBLO LIMA;PÁBLO FRANCISCO FERREIRA LIMA;2533;PRD;DEPUTADO FEDERAL;;;;;SUPLENTE;MASCULINO;VEREADOR;25-PRD/77-SOLIDARIEDADE;FEDERAÇÃO RENOVAÇÃO SOLIDÁRIA;MA;;
100002548031;CANTORA ALECIANE;ALECIANE DO NASCIMENTO LOPES;5005;PSOL;DEPUTADO FEDERAL;;;;;NÃO ELEITO;FEMININO;AGRICULTOR;50-PSOL/18-REDE;FEDERAÇÃO PSOL REDE;MA;;
100002546925;POLAX;FRANCISCO POLAX NUNES DA CONCEICAO;6565;PCDOB;DEPUTADO FEDERAL;;;;;SUPLENTE;MASCULINO;VEREADOR;13-PT/65-PC do B/43-PV;FEDERAÇÃO BRASIL DA ESPERANÇA - FE BRASIL;MA;;
100002546935;GLEYCI LIMA;MARIA GLEYCIANE LIMA;1345;PT;DEPUTADO FEDERAL;;;;;SUPLENTE;FEMININO;OUTROS;13-PT/65-PC do B/43-PV;FEDERAÇÃO BRASIL DA ESPERANÇA - FE BRASIL;MA;;
100002546934;ERI CASTRO;ERIONALDSON DOS SANTOS CASTRO;1312;PT;DEPUTADO FEDERAL;;;;;SUPLENTE;MASCULINO;JORNALISTA E REDATOR;13-PT/65-PC do B/43-PV;FEDERAÇÃO BRASIL DA ESPERANÇA - FE BRASIL;MA;;
100002537258;LUCIANO GALEGO;LUCIANO RODRIGUES SEIDEL;2212;PL;DEPUTADO FEDERAL;;;;;SUPLENTE;MASCULINO;EMPRESÁRIO;;;MA;;
100002537266;ANÍBAL LINS;ANIBAL DA SILVA LINS;2240;PL;DEPUTADO FEDERAL;;;;;SUPLENTE;MASCULINO;SERVENTUÁRIO DE JUSTIÇA;;;MA;;
100002537260;ROSÂNGELA VIDAL;ROSANGELA MARIA PEREIRA VIDAL OLIVEIRA;2277;PL;DEPUTADO FEDERAL;;;;;SUPLENTE;FEMININO;ADMINISTRADOR;;;MA;;
100002544446;NILSON TAKASHI;NILSON TAKASHI HAMADA;5500;PSD;DEPUTADO FEDERAL;;;;;NÃO ELEITO;MASCULINO;PUBLICITÁRIO;;;MA;;
100002544453;GRIDA NUNES;INGRID DE SOUSA ALVES;5510;PSD;DEPUTADO FEDERAL;;;;;NÃO ELEITO;FEMININO;POLICIAL MILITAR;;;MA;;
100002544447;DR JOEL;JOEL NICOLAU NOGUEIRA NUNES JUNIOR;5522;PSD;DEPUTADO FEDERAL;;;;;NÃO ELEITO;MASCULINO;MÉDICO;;;MA;;
100002540277;GULHERME PAZ;GUILHERME FONSECA PAZ;15888;MDB;DEPUTADO ESTADUAL;;;;;SUPLENTE;MASCULINO;ADVOGADO;;;MA;;
100002540267;BRUNA PESSOA;BRUNA PORTELA TELES PESSOA;15800;MDB;DEPUTADO ESTADUAL;;;;;ELEITO POR QP;FEMININO;ADVOGADO;;;MA;;
100002540283;ANTONIO PEREIRA;ANTONIO PEREIRA FILHO;15333;MDB;DEPUTADO ESTADUAL;;;;;ELEITO POR QP;MASCULINO;DEPUTADO;;;MA;;
100002540259;ABIGAIL CUNHA;ABIGAIL CUNHA DE ALMEIDA SOUSA;15200;MDB;DEPUTADO ESTADUAL;;;;;ELEITO POR QP;FEMININO;EMPRESÁRIO;;;MA;;
100002540264;MADEIRA;SEBASTIAO TORRES MADEIRA;15455;MDB;DEPUTADO ESTADUAL;;;;;SUPLENTE;MASCULINO;MÉDICO;;;MA;;
100002540270;ARNALDO MELO;ANTONIO ARNALDO ALVES DE MELO;15111;MDB;DEPUTADO ESTADUAL;;;;;SUPLENTE;MASCULINO;MÉDICO;;;MA;;
100002545717;MARCOS MIRANDA JUNIOR;ANTONIO MARCOS BEZERRA MIRANDA JUNIOR;40123;PSB;DEPUTADO ESTADUAL;;;;;ELEITO POR QP;MASCULINO;EMPRESÁRIO;;;MA;;
100002545724;BRUNO DO COLETIVO BAIXADA;ALEX BRUNO SERRA COSTA;40999;PSB;DEPUTADO ESTADUAL;;;;;SUPLENTE;MASCULINO;NUTRICIONISTA E ASSEMELHADOS;;;MA;;
100002542581;CORONEL MEDEIROS;JUAREZ MEDEIROS SOBRINHO;25333;PRD;DEPUTADO ESTADUAL;;;;;SUPLENTE;MASCULINO;POLICIAL MILITAR;25-PRD/77-SOLIDARIEDADE;FEDERAÇÃO RENOVAÇÃO SOLIDÁRIA;MA;;
100002535477;PEDRO JUNIOR;PEDRO OLIVEIRA LIMA JUNIOR;10001;REPUBLICANOS;DEPUTADO ESTADUAL;;;;;SUPLENTE;MASCULINO;PROFESSOR DE ENSINO SUPERIOR;;;MA;;
100002537284;DR. FÁBIO HERNANDEZ;FÁBIO HERNANDEZ DE OLIVEIRA SOUSA;22400;PL;DEPUTADO ESTADUAL;;;;;SUPLENTE;MASCULINO;ADVOGADO;;;MA;;
100002549198;LILCIOMAR DA AUTOESCOLA;LILCIOMAR MARIANO CARNEIRO;50123;PSOL;DEPUTADO ESTADUAL;;;;;NÃO ELEITO;MASCULINO;MOTORISTA DE VEÍCULOS DE TRANSPORTE COLETIVO DE PASSAGEIROS;50-PSOL/18-REDE;FEDERAÇÃO PSOL REDE;MA;;
100002549214;GLEICK MAIA;GLEICK SANTOS MAIA SOUZA;50420;PSOL;DEPUTADO ESTADUAL;;;;;NÃO ELEITO;MASCULINO;VENDEDOR DE COMÉRCIO VAREJISTA E ATACADISTA;50-PSOL/18-REDE;FEDERAÇÃO PSOL REDE;MA;;
100002549213;ERNANDE AMORIM;ERNANDE AMORIM FERREIRA;18007;REDE;DEPUTADO ESTADUAL;;;;;NÃO ELEITO;MASCULINO;MOTORISTA DE VEÍCULOS DE TRANSPORTE COLETIVO DE PASSAGEIROS;50-PSOL/18-REDE;FEDERAÇÃO PSOL REDE;MA;;
100002537338;WEVERTON ROCHA;WEVERTON ROCHA MARQUES DE SOUSA;123;PDT;SENADOR;;;;;NÃO ELEITO;MASCULINO;ADMINISTRADOR;;;MA;;
100002545274;PAULA COUTINHO;PAULA REGINA COUTINHO MENDES;65000;PCDOB;DEPUTADO ESTADUAL;;;;;SUPLENTE;FEMININO;ESTUDANTE, BOLSISTA, ESTAGIÁRIO E ASSEMELHADOS;13-PT/65-PC do B/43-PV;FEDERAÇÃO BRASIL DA ESPERANÇA - FE BRASIL;MA;;
100002545271;GLINOEL GARRETO;GLINOEL OLIVEIRA GARRETO;65013;PCDOB;DEPUTADO ESTADUAL;;;;;SUPLENTE;MASCULINO;CONTADOR;13-PT/65-PC do B/43-PV;FEDERAÇÃO BRASIL DA ESPERANÇA - FE BRASIL;MA;;
100002535653;CHARLES DOS CARRINHOS;CHARLES SILVA TEIXEIRA;12012;PDT;DEPUTADO ESTADUAL;;;;;SUPLENTE;MASCULINO;EMPRESÁRIO;;;MA;;
100002535652;DINAIR VELOSO;DINAIR SEBASTIANA VELOSO DA SILVA;12300;PDT;DEPUTADO ESTADUAL;;;;;SUPLENTE;FEMININO;PEDAGOGO;;;MA;;
100002535658;CID COSTA;CID PEREIRA DA COSTA;12333;PDT;DEPUTADO ESTADUAL;;;;;ELEITO POR MÉDIA;MASCULINO;ADVOGADO;;;MA;;
100002550960;MARCIA MATTOS;MARCIA REGINA CABRAL MATOS;70321;AVANTE;DEPUTADO ESTADUAL;;;;;NÃO ELEITO;FEMININO;VENDEDOR PRACISTA, REPRESENTANTE, CAIXEIRO-VIAJANTE E ASSEMELHADOS;;;MA;;
100002550957;QUIRINO;FRANCISCO QUIRINO SOBRINHO;70221;AVANTE;DEPUTADO ESTADUAL;;;;;NÃO ELEITO;MASCULINO;AGRICULTOR;;;MA;;
100002542858;MAYARA PINHEIRO;MAYARA ARAUJO PINHEIRO;44333;UNIÃO;DEPUTADO ESTADUAL;;;;;SUPLENTE;FEMININO;ASSISTENTE SOCIAL;44-UNIÃO/11-PP;FEDERAÇÃO UNIÃO PROGRESSISTA;MA;;
100002542857;PROF. VANDERLY;VANDERLY DE SOUSA DO NASCIMENTO MONTELES;44400;UNIÃO;DEPUTADO ESTADUAL;;;;;SUPLENTE;FEMININO;PROFESSOR DE ENSINO FUNDAMENTAL;44-UNIÃO/11-PP;FEDERAÇÃO UNIÃO PROGRESSISTA;MA;;
100002550334;DOUGLAS PINTO;DOUGLAS PINTO DOS SANTOS;55555;PSD;DEPUTADO ESTADUAL;;;;;ELEITO POR QP;MASCULINO;VEREADOR;;;MA;;
100002550331;JOEL CAMPELO;JOEL NOGUEIRA CAMPELO FILHO;55098;PSD;DEPUTADO ESTADUAL;;;;;SUPLENTE;MASCULINO;VIGILANTE;;;MA;;
100002550341;LUCIANO LEITOA;LUCIANO FERREIRA DE SOUSA;55086;PSD;DEPUTADO ESTADUAL;;;;;SUPLENTE;MASCULINO;OUTROS;;;MA;;
100002554367;PASTOR PORTO;LUIZ CARLOS PORTO;333;AVANTE;1º SUPLENTE;;;;;NÃO ELEITO;MASCULINO;OUTROS;;;MA;;
100002537339;RENAN WAYNNE;RENAN WAYNNE REGO REIS;123;REPUBLICANOS;2º SUPLENTE;;;;;NÃO ELEITO;MASCULINO;OUTROS;;;MA;;
100002550420;FERNANDA GONCALO;CARLA FERNANDA DO REGO GONÇALO;333;MOBILIZA;2º SUPLENTE;;;;;NÃO ELEITO;FEMININO;CONTADOR;;;MA;;
100002551398;PASTOR JOSIAS;JOSIAS CARDOSO SILVA;28;PRTB;VICE-GOVERNADOR;;;;;NÃO ELEITO;MASCULINO;MILITAR REFORMADO;;;MA;;
100002554407;MURILO PINHEIRO;MURILO HENRIQUES PINHEIRO;2777;DC;DEPUTADO FEDERAL;;;;;NÃO ELEITO;MASCULINO;PILOTO DE AVIAÇÃO COMERCIAL, NAVEGADOR, MECÂNICO DE VÔO E ASSEMELHADOS;;;MA;;
100002545704;PEREIRÃO DO POVO;JOSÉ PEREIRA GOMES DE OLIVEIRA;3044;NOVO;DEPUTADO FEDERAL;;;;;NÃO ELEITO;MASCULINO;CORRETOR DE IMÓVEIS, SEGUROS, TÍTULOS E VALORES;;;MA;;
100002542578;CAROL MEDEIROS;CAROLINE VICTORIA MOURA MEDEIROS;25666;PRD;DEPUTADO ESTADUAL;;;;;;FEMININO;ESTUDANTE, BOLSISTA, ESTAGIÁRIO E ASSEMELHADOS;25-PRD/77-SOLIDARIEDADE;FEDERAÇÃO RENOVAÇÃO SOLIDÁRIA;MA;;
100002535496;CABO CAMPOS;ROBERTO CAMPOS FILHO;10987;REPUBLICANOS;DEPUTADO ESTADUAL;;;;;;MASCULINO;MILITAR REFORMADO;;;MA;;
100002534190;SAULO ARCANGELI;SAULO COSTA ARCANGELI;16;PSTU;GOVERNADOR;;;;;NÃO ELEITO;MASCULINO;PROFESSOR DE ENSINO SUPERIOR;;;MA;;
100002536088;RAYMARA;RAYMARA CARVALHO LIMA CRUZ;1511;MDB;DEPUTADO FEDERAL;;;;;SUPLENTE;FEMININO;NUTRICIONISTA E ASSEMELHADOS;;;MA;;
100002542880;LUCIANO GENÉSIO;JOÃO LUCIANO SILVA SOARES;4456;UNIÃO;DEPUTADO FEDERAL;;;;;SUPLENTE;MASCULINO;EMPRESÁRIO;44-UNIÃO/11-PP;FEDERAÇÃO UNIÃO PROGRESSISTA;MA;;
100002551394;JANSEN PENHA;JOSE DE RIBAMAR JANSEN PENHA;3333;MOBILIZA;DEPUTADO FEDERAL;;;;;NÃO ELEITO;MASCULINO;TÉCNICO EM AGRONOMIA E AGRIMENSURA;;;MA;;
100002535244;ADRIANA MASCARENHAS;ADRIANA PEREIRA MASCARENHAS;1200;PDT;DEPUTADO FEDERAL;;;;;SUPLENTE;FEMININO;FIANDEIRO, TECELÃO, TINGIDOR E ASSEMELHADOS;;;MA;;
100002551360;RAIMUNDO PENHA;RAIMUNDO IVANIR ABREU PENHA;1215;PDT;DEPUTADO FEDERAL;;;;;SUPLENTE;MASCULINO;ADVOGADO;;;MA;;
100002537330;DANIEL LOPES;DANIEL LOPES;1477;MISSÃO;DEPUTADO FEDERAL;;;;;NÃO ELEITO;MASCULINO;EMPRESÁRIO;;;MA;;
100002541462;WESLEY SOUSA;WESLEY SOUSA CORREA;4000;PSB;DEPUTADO FEDERAL;;;;;NÃO ELEITO;MASCULINO;PROFESSOR DE ENSINO MÉDIO;;;MA;;
100002541474;LOURDINHA;MARIA DE LOURDES PEREIRA E PEREIRA;4013;PSB;DEPUTADO FEDERAL;;;;;NÃO ELEITO;FEMININO;SENADOR;;;MA;;
100002541479;ANTÔNIA MATOS QUILOMBOLA;ANTONIA DOS SANTOS MATOS;4010;PSB;DEPUTADO FEDERAL;;;;;NÃO ELEITO;FEMININO;DONA DE CASA;;;MA;;
100002548245;SALDANHA DE ROSÁRIO;MARCOS MARQUES SALDANHA;4578;PSDB;DEPUTADO FEDERAL;;;;;SUPLENTE;MASCULINO;ADMINISTRADOR;45-PSDB/23-CIDADANIA;FEDERAÇÃO PSDB CIDADANIA;MA;;
100002535220;MIÚDA DA MATHEUS;JUCILENE ANTONIA DE OLIVEIRA DO CARMO;1023;REPUBLICANOS;DEPUTADO FEDERAL;;;;;SUPLENTE;FEMININO;COMERCIANTE;;;MA;;
100002535223;CALVET FILHO;JOSE NILTON PINHEIRO CALVET FILHO;1020;REPUBLICANOS;DEPUTADO FEDERAL;;;;;SUPLENTE;MASCULINO;ADMINISTRADOR;;;MA;;
100002535221;DEUSVALDO DA ELETROLAR;DEUSVALDO PEREIRA DE SOUZA;1013;REPUBLICANOS;DEPUTADO FEDERAL;;;;;SUPLENTE;MASCULINO;COMERCIANTE;;;MA;;
100002538701;IAGO IGUI - BANCADA HIP HOP;IAGO HENRIQUE COSTA MELONIO;1600;PSTU;DEPUTADO FEDERAL;;;;;NÃO ELEITO;MASCULINO;DESENHISTA;;;MA;;
100002545699;DR. BENTO VIEIRA;BENTO VIEIRA;3030;NOVO;DEPUTADO FEDERAL;;;;;NÃO ELEITO;MASCULINO;ADVOGADO;;;MA;;
100002545712;LARIANE MENDONÇA;LARIANE TELLES MENDONÇA;3003;NOVO;DEPUTADO FEDERAL;;;;;NÃO ELEITO;FEMININO;OUTROS;;;MA;;
100002545715;PROFESSOR CARLOS LAIRON;CARLOS LAIRON MORAIS DOS SANTOS;3063;NOVO;DEPUTADO FEDERAL;;;;;NÃO ELEITO;MASCULINO;PROFESSOR DE ENSINO MÉDIO;;;MA;;
100002537302;PROFESSORA LEONILDE;LEONILDE PEREIRA DOS SANTOS;2013;PODE;DEPUTADO FEDERAL;;;;;NÃO ELEITO;FEMININO;PROFESSOR DE ENSINO FUNDAMENTAL;;;MA;;
100002537308;NYLCE SOUSA;JEHANYLCE DE SOUSA FONSECA;2015;PODE;DEPUTADO FEDERAL;;;;;NÃO ELEITO;FEMININO;VIGILANTE;;;MA;;
100002542562;MAYANE MARTINS;MAYANE MARTINS PEREIRA;2567;PRD;DEPUTADO FEDERAL;;;;;SUPLENTE;FEMININO;EMPRESÁRIO;25-PRD/77-SOLIDARIEDADE;FEDERAÇÃO RENOVAÇÃO SOLIDÁRIA;MA;;
100002542564;DANIEL BARROS FISCAL DO POVO;DANIEL PEREIRA BARROS;2588;PRD;DEPUTADO FEDERAL;;;;;SUPLENTE;MASCULINO;EMPRESÁRIO;25-PRD/77-SOLIDARIEDADE;FEDERAÇÃO RENOVAÇÃO SOLIDÁRIA;MA;;
100002548019;MARCINHO GRAJAÚ;MARCIO MIRANDA CHAVES;1877;REDE;DEPUTADO FEDERAL;;;;;NÃO ELEITO;MASCULINO;PESCADOR;50-PSOL/18-REDE;FEDERAÇÃO PSOL REDE;MA;;
100002548018;PROFESSOR EDMILSON;EUDIMILSON JOSE FERREIRA CARNEIRO;5055;PSOL;DEPUTADO FEDERAL;;;;;NÃO ELEITO;MASCULINO;POLICIAL MILITAR;50-PSOL/18-REDE;FEDERAÇÃO PSOL REDE;MA;;
100002546929;ZÉ CARLOS;JOSE CARLOS NUNES JUNIOR;1313;PT;DEPUTADO FEDERAL;;;;;SUPLENTE;MASCULINO;ENGENHEIRO;13-PT/65-PC do B/43-PV;FEDERAÇÃO BRASIL DA ESPERANÇA - FE BRASIL;MA;;
100002546923;ALONSO DA AGRICULTURA;ALONSO DE JESUS CHAGAS;4333;PV;DEPUTADO FEDERAL;;;;;SUPLENTE;MASCULINO;SERVIDOR PÚBLICO ESTADUAL;13-PT/65-PC do B/43-PV;FEDERAÇÃO BRASIL DA ESPERANÇA - FE BRASIL;MA;;
100002546420;RAFAELA MARIA;RAFAELA MARIA ARAUJO NASCIMENTO;1367;PT;DEPUTADO FEDERAL;;;;;SUPLENTE;FEMININO;ESTUDANTE, BOLSISTA, ESTAGIÁRIO E ASSEMELHADOS;13-PT/65-PC do B/43-PV;FEDERAÇÃO BRASIL DA ESPERANÇA - FE BRASIL;MA;;
100002546924;IEDA FRÓS;IEDA MARIA FROS GOMES;4313;PV;DEPUTADO FEDERAL;;;;;SUPLENTE;FEMININO;OUTROS;13-PT/65-PC do B/43-PV;FEDERAÇÃO BRASIL DA ESPERANÇA - FE BRASIL;MA;;
100002537267;DR. ORLANDO;ORLANDO MAURO SOUSA AROUCHE;2200;PL;DEPUTADO FEDERAL;;;;;ELEITO POR MÉDIA;MASCULINO;MÉDICO;;;MA;;
100002537272;FABIANA VILAR;FABIANA VILAR RODRIGUES;2222;PL;DEPUTADO FEDERAL;;;;;ELEITO POR QP;FEMININO;ADVOGADO;;;MA;;
100002544454;THAMIRES PASSOS;THAMIRES DE SOUSA PASSOS;5508;PSD;DEPUTADO FEDERAL;;;;;NÃO ELEITO;FEMININO;POLICIAL MILITAR;;;MA;;
100002540265;RUI JORGE;RUI FERNANDES RIBEIRO NETO;15345;MDB;DEPUTADO ESTADUAL;;;;;ELEITO POR QP;MASCULINO;EMPRESÁRIO;;;MA;;
100002540274;TULIO REZENDE;TULIO MARTINS REZENDE;15215;MDB;DEPUTADO ESTADUAL;;;;;ELEITO POR QP;MASCULINO;ESTUDANTE, BOLSISTA, ESTAGIÁRIO E ASSEMELHADOS;;;MA;;
100002540263;DANIELLA;DANIELLA JADÃO MENÊSES;15258;MDB;DEPUTADO ESTADUAL;;;;;ELEITO POR QP;FEMININO;DEPUTADO;;;MA;;
100002545719;ONEIDE LIMA;ONEIDE LIMA RODRIGUES;40321;PSB;DEPUTADO ESTADUAL;;;;;SUPLENTE;FEMININO;OUTROS;;;MA;;
100002542580;MANCHINHA;WANDERSON MANCHINHA SILVA CARVALHO;25111;PRD;DEPUTADO ESTADUAL;;;;;SUPLENTE;MASCULINO;VEREADOR;25-PRD/77-SOLIDARIEDADE;FEDERAÇÃO RENOVAÇÃO SOLIDÁRIA;MA;;
100002550525;ROMILDA;ROMILDA POVÓAS VIEIRA;21123;PCB;DEPUTADO ESTADUAL;;;;;NÃO ELEITO;FEMININO;TRABALHADOR RURAL;;;MA;;
100002535494;PROFESSORA SOCORRO WAQUIM;MARIA DO SOCORRO ALMEIDA WAQUIM;10510;REPUBLICANOS;DEPUTADO ESTADUAL;;;;;SUPLENTE;FEMININO;PROFESSOR DE ENSINO SUPERIOR;;;MA;;
100002535483;INALDO DO GÁS;INALDO SERRA GOMES;10010;REPUBLICANOS;DEPUTADO ESTADUAL;;;;;SUPLENTE;MASCULINO;COMERCIANTE;;;MA;;
100002535482;COLETIVO COM VOCÊ JOTTA PINTO;JOSE BENEDITO PINTO;10222;REPUBLICANOS;DEPUTADO ESTADUAL;;;;;SUPLENTE;MASCULINO;EMPRESÁRIO;;;MA;;
100002537283;ULISSES GONÇALVES;ULISSES VIEIRA COUTINHO DOS SANTOS;22100;PL;DEPUTADO ESTADUAL;;;;;ELEITO POR QP;MASCULINO;PRODUTOR AGROPECUÁRIO;;;MA;;
100002537279;PRISCILA CARAÇA;PRISCILA CAMARGO CARAÇA ALBUQUERQUE;22111;PL;DEPUTADO ESTADUAL;;;;;SUPLENTE;FEMININO;VEREADOR;;;MA;;
100002537295;GAMA;JOAO WALBERT ALVES GAMA;22344;PL;DEPUTADO ESTADUAL;;;;;SUPLENTE;MASCULINO;ADMINISTRADOR;;;MA;;
100002537280;ALUÍZIO SANTOS;ALUIZIO DE SOUZA SANTOS;22123;PL;DEPUTADO ESTADUAL;;;;;ELEITO POR QP;MASCULINO;ENGENHEIRO;;;MA;;
100002549209;MAGÃO;MAERBETH NINA GARCEZ;50150;PSOL;DEPUTADO ESTADUAL;;;;;NÃO ELEITO;MASCULINO;EMPRESÁRIO;50-PSOL/18-REDE;FEDERAÇÃO PSOL REDE;MA;;
100002549204;CLAUDIO LOPEZ;CLAUDEMIR MACHADO LOPES;50500;PSOL;DEPUTADO ESTADUAL;;;;;NÃO ELEITO;MASCULINO;CARPINTEIRO, MARCENEIRO E ASSEMELHADOS;50-PSOL/18-REDE;FEDERAÇÃO PSOL REDE;MA;;
100002549215;LENE CARDOSO;DALVILENE DE JESUS CARDOSO;50797;PSOL;DEPUTADO ESTADUAL;;;;;NÃO ELEITO;FEMININO;VENDEDOR DE COMÉRCIO VAREJISTA E ATACADISTA;50-PSOL/18-REDE;FEDERAÇÃO PSOL REDE;MA;;
100002548011;LAHESIO BONFIM;LAHESIO RODRIGUES DO BONFIM;300;NOVO;SENADOR;;;;;ELEITO;MASCULINO;MÉDICO;;;MA;;
100002542867;FUFUCA;ANDRE LUIZ CARVALHO RIBEIRO;111;PP;SENADOR;;;;;ELEITO;MASCULINO;MÉDICO;44-UNIÃO/11-PP;FEDERAÇÃO UNIÃO PROGRESSISTA;MA;;
100002545275;FERNANDO SANTOS;FERNANDO SANTOS DA SILVA JUNIOR;13015;PT;DEPUTADO ESTADUAL;;;;;SUPLENTE;MASCULINO;ADVOGADO;13-PT/65-PC do B/43-PV;FEDERAÇÃO BRASIL DA ESPERANÇA - FE BRASIL;MA;;
100002545267;PÂMELA MARANHÃO;PAMELA MARANHÃO;13024;PT;DEPUTADO ESTADUAL;;;;;SUPLENTE;FEMININO;OUTROS;13-PT/65-PC do B/43-PV;FEDERAÇÃO BRASIL DA ESPERANÇA - FE BRASIL;MA;;
100002545262;CHAGÃO;FRANCISCO DAS CHAGAS ALVES DE BRITO;65065;PCDOB;DEPUTADO ESTADUAL;;;;;SUPLENTE;MASCULINO;APOSENTADO (EXCETO SERVIDOR PÚBLICO);13-PT/65-PC do B/43-PV;FEDERAÇÃO BRASIL DA ESPERANÇA - FE BRASIL;MA;;
100002545269;CRICIELLE;CRICIELLE AGUIAR MUNIZ;13333;PT;DEPUTADO ESTADUAL;;;;;ELEITO POR QP;FEMININO;OUTROS;13-PT/65-PC do B/43-PV;FEDERAÇÃO BRASIL DA ESPERANÇA - FE BRASIL;MA;;
100002545265;RACKEL COSTA LEITE;RACKEL DE ASSIS PEREIRA COSTA LEITE;13000;PT;DEPUTADO ESTADUAL;;;;;SUPLENTE;FEMININO;BIOMÉDICO;13-PT/65-PC do B/43-PV;FEDERAÇÃO BRASIL DA ESPERANÇA - FE BRASIL;MA;;
100002535654;GLEYCE MORAIS;GLEYCE SILVA MORAIS;12123;PDT;DEPUTADO ESTADUAL;;;;;SUPLENTE;FEMININO;ADMINISTRADOR;;;MA;;
100002550951;DALVA COSTA;MARIA DALVA COSTA;70333;AVANTE;DEPUTADO ESTADUAL;;;;;NÃO ELEITO;FEMININO;OUTROS;;;MA;;
100002550958;DALUZ DO ZÉ ANTONIO;MARIA DA LUZ DA CONCEIÇAO RAMOS;70258;AVANTE;DEPUTADO ESTADUAL;;;;;NÃO ELEITO;FEMININO;AGRICULTOR;;;MA;;
100002542861;DR. KAIO HORTEGAL;KAIO AGUIAR HORTEGAL;44456;UNIÃO;DEPUTADO ESTADUAL;;;;;SUPLENTE;MASCULINO;MÉDICO;44-UNIÃO/11-PP;FEDERAÇÃO UNIÃO PROGRESSISTA;MA;;
100002542860;PAULO CASÉ FERNANDES;PAULO CASE ANDRADE FERNANDES RIBEIRO;44444;UNIÃO;DEPUTADO ESTADUAL;;;;;ELEITO POR QP;MASCULINO;ARQUITETO;44-UNIÃO/11-PP;FEDERAÇÃO UNIÃO PROGRESSISTA;MA;;
100002542864;JÚNIA NUNES;JUNIA ARYADNE CAVALCANTE NUNES SILVA;44777;UNIÃO;DEPUTADO ESTADUAL;;;;;SUPLENTE;FEMININO;EMPRESÁRIO;44-UNIÃO/11-PP;FEDERAÇÃO UNIÃO PROGRESSISTA;MA;;
100002545682;RÁDER LEÃO;RADER BRITO SARAIVA LEAO;30654;NOVO;DEPUTADO ESTADUAL;;;;;NÃO ELEITO;MASCULINO;SERVIDOR PÚBLICO MUNICIPAL;;;MA;;
100002545697;LAURINDO FREITAS;LAURINDO FREITAS DE SOUSA;30138;NOVO;DEPUTADO ESTADUAL;;;;;NÃO ELEITO;MASCULINO;CONTADOR;;;MA;;
100002545683;BISPO GERCIONE BARROS;GERCIONE BARROS CORREIA;30123;NOVO;DEPUTADO ESTADUAL;;;;;NÃO ELEITO;MASCULINO;SACERDOTE OU MEMBRO DE ORDEM OU SEITA RELIGIOSA;;;MA;;
100002545684;DRA. GRAÇA;MARIA DAS GRAÇAS CARVALHO DE SOUZA MAGALHÃES;30180;NOVO;DEPUTADO ESTADUAL;;;;;NÃO ELEITO;FEMININO;ADVOGADO;;;MA;;
100002545695;JOCIMAR FEITOSA;JOCIMAR RIBEIRO FEITOSA;30000;NOVO;DEPUTADO ESTADUAL;;;;;NÃO ELEITO;MASCULINO;ADMINISTRADOR;;;MA;;
100002550327;ZÉ MARIA BRABRA;JOSE MARIA PAZ;55321;PSD;DEPUTADO ESTADUAL;;;;;SUPLENTE;MASCULINO;PROFESSOR E INSTRUTOR DE FORMAÇÃO PROFISSIONAL;;;MA;;
100002550329;ADRIANA MENDES;ADRIANA NUNES MENDES;55300;PSD;DEPUTADO ESTADUAL;;;;;SUPLENTE;FEMININO;ADVOGADO;;;MA;;
100002541460;LENE RODRIGUES;JOSLENE SILVA RODRIGUES;133;PCDOB;1º SUPLENTE;;;;;NÃO ELEITO;FEMININO;PROFESSOR DE ENSINO MÉDIO;13-PT/65-PC do B/43-PV;FEDERAÇÃO BRASIL DA ESPERANÇA - FE BRASIL;MA;;
100002548851;VALDENY BARROS;VALDENY BARROS;500;PSOL;1º SUPLENTE;;;;;NÃO ELEITO;MASCULINO;SERVIDOR PÚBLICO ESTADUAL;50-PSOL/18-REDE;FEDERAÇÃO PSOL REDE;MA;;
100002549013;HIVINA BRITO;HIVINA CARVALHO BRITO;212;PCB;2º SUPLENTE;;;;;NÃO ELEITO;FEMININO;VENDEDOR PRACISTA, REPRESENTANTE, CAIXEIRO-VIAJANTE E ASSEMELHADOS;;;MA;;
100002554371;MARCIEL GOMES;MARCIEL GOMES DE SOUZA;3369;MOBILIZA;DEPUTADO FEDERAL;;;;;NÃO ELEITO;MASCULINO;COMERCIÁRIO;;;MA;;
100002546926;WALDIR MARANHÃO;WALDIR MARANHAO CARDOSO;1355;PT;DEPUTADO FEDERAL;;;;;SUPLENTE;MASCULINO;VETERINÁRIO;13-PT/65-PC do B/43-PV;FEDERAÇÃO BRASIL DA ESPERANÇA - FE BRASIL;MA;;
100002550325;ZÉ FARIAS;JOSE FARIAS DE CASTRO;55888;PSD;DEPUTADO ESTADUAL;;;;;SUPLENTE;MASCULINO;ADMINISTRADOR;;;MA;;
100002554406;SANDRA MARIA;SANDRA MARIA RIBEIRO COSTA;2744;DC;DEPUTADO FEDERAL;;;;;NÃO ELEITO;FEMININO;TRABALHADOR RURAL;;;MA;;
100002537261;PASTOR GIL;GILDENEMIR DE LIMA SOUSA;2244;PL;DEPUTADO FEDERAL;;;;;;MASCULINO;DEPUTADO;;;MA;;
100002545723;RAIMUNDA BARROS;RAIMUNDA CLEMENTINA BARROS;40500;PSB;DEPUTADO ESTADUAL;;;;;;FEMININO;TRABALHADOR RURAL;;;MA;;
100002549208;GRILO;RONDINNELLE DE MORAES ANDRADE;50046;PSOL;DEPUTADO ESTADUAL;;;;;;MASCULINO;OUTROS;50-PSOL/18-REDE;FEDERAÇÃO PSOL REDE;MA;;
100002536090;CLEBER VERDE;CLEBER VERDE CORDEIRO MENDES;1510;MDB;DEPUTADO FEDERAL;;;;;SUPLENTE;MASCULINO;DEPUTADO;;;MA;;
100002536091;DRA GISELE;GISELE LIMA BEZERRA;1523;MDB;DEPUTADO FEDERAL;;;;;SUPLENTE;FEMININO;ODONTÓLOGO;;;MA;;
100002542884;JOSIVALDO JP;JOSIVALDO DOS SANTOS MELO;4411;UNIÃO;DEPUTADO FEDERAL;;;;;ELEITO POR MÉDIA;MASCULINO;PRODUTOR AGROPECUÁRIO;44-UNIÃO/11-PP;FEDERAÇÃO UNIÃO PROGRESSISTA;MA;;
100002542882;ANDREY MONTEIRO;ANDREY MONTEIRO CARVALHO;1177;PP;DEPUTADO FEDERAL;;;;;SUPLENTE;MASCULINO;VEREADOR;44-UNIÃO/11-PP;FEDERAÇÃO UNIÃO PROGRESSISTA;MA;;
100002542875;DENISE FONSECA;DENISE CRUZ DA FONSECA;4474;UNIÃO;DEPUTADO FEDERAL;;;;;SUPLENTE;FEMININO;ADMINISTRADOR;44-UNIÃO/11-PP;FEDERAÇÃO UNIÃO PROGRESSISTA;MA;;
100002554452;PEDRO NERES DO ZE FRANCISCO;PEDRO HENRIQUE PITOMBEIRA NERES;4480;UNIÃO;DEPUTADO FEDERAL;;;;;SUPLENTE;MASCULINO;MÉDICO;44-UNIÃO/11-PP;FEDERAÇÃO UNIÃO PROGRESSISTA;MA;;
100002542872;DR. CAROL BOUERES;CAROLINE FERNANDA SOUSA BOUERES DOS SANTOS;4410;UNIÃO;DEPUTADO FEDERAL;;;;;SUPLENTE;FEMININO;ADVOGADO;44-UNIÃO/11-PP;FEDERAÇÃO UNIÃO PROGRESSISTA;MA;;
100002535243;WILLIAN VIEIRA;ANTONIO WILLIAN RAMOS DOS SANTOS;1223;PDT;DEPUTADO FEDERAL;;;;;SUPLENTE;MASCULINO;JORNALISTA E REDATOR;;;MA;;
100002535236;RAIMUNDO CARVALHO;RAIMUNDO MOURA CARVALHO;1233;PDT;DEPUTADO FEDERAL;;;;;SUPLENTE;MASCULINO;LOCUTOR E COMENTARISTA DE RÁDIO E TELEVISÃO E RADIALISTA;;;MA;;
100002535250;CARLOS ZANGIROLAMI;CARLOS ZANGIROLAMI SOUSA SILVA;1244;PDT;DEPUTADO FEDERAL;;;;;SUPLENTE;MASCULINO;CORRETOR DE IMÓVEIS, SEGUROS, TÍTULOS E VALORES;;;MA;;
100002541476;DR. ADRIANO;ADRIANO WAQUIM DE ASSUNCAO;4012;PSB;DEPUTADO FEDERAL;;;;;NÃO ELEITO;MASCULINO;SERVIDOR PÚBLICO ESTADUAL;;;MA;;
100002541473;MARCELO BRITO;MARCELO OLIVEIRA BRITO;4022;PSB;DEPUTADO FEDERAL;;;;;NÃO ELEITO;MASCULINO;SERVIDOR PÚBLICO MUNICIPAL;;;MA;;
100002541465;ALINE SOUSA;ALINE DE SOUSA SILVA;4045;PSB;DEPUTADO FEDERAL;;;;;NÃO ELEITO;FEMININO;ENFERMEIRO;;;MA;;
100002541468;FÁBIO CÂMARA;FABIO ROGERIO BARBOSA CAMARA;4044;PSB;DEPUTADO FEDERAL;;;;;NÃO ELEITO;MASCULINO;EMPRESÁRIO;;;MA;;
100002541469;GREYSSON CARVALHO;GREYSSON DA SILVA CARVALHO;4050;PSB;DEPUTADO FEDERAL;;;;;NÃO ELEITO;MASCULINO;VEREADOR;;;MA;;
100002548250;JARDEL BOMJARDIM;JARDEL BOMJARDIM MARTINS;4544;PSDB;DEPUTADO FEDERAL;;;;;SUPLENTE;MASCULINO;COMERCIANTE;45-PSDB/23-CIDADANIA;FEDERAÇÃO PSDB CIDADANIA;MA;;
100002535217;REGINA PEREIRA;MARIA REGINA FERNANDES PEREIRA;1099;REPUBLICANOS;DEPUTADO FEDERAL;;;;;SUPLENTE;FEMININO;EMPRESÁRIO;;;MA;;
100002535233;RODRIGO BRASMAR;RODRIGO SILVA DE MEDEIROS PASSOS;1040;REPUBLICANOS;DEPUTADO FEDERAL;;;;;SUPLENTE;MASCULINO;VEREADOR;;;MA;;
100002535235;PATRICK FREIRE;PATRICK SOUZA FREIRE;1012;REPUBLICANOS;DEPUTADO FEDERAL;;;;;SUPLENTE;MASCULINO;TÉCNICO DE BIOLOGIA;;;MA;;
100002535229;RANOAN CAMPOS;ROMARIO RANOAN JESUS CAMPOS TEIXEIRA;1024;REPUBLICANOS;DEPUTADO FEDERAL;;;;;SUPLENTE;MASCULINO;OUTROS;;;MA;;
100002550732;WANDRIAN;MARIA WANDRIAN SOUSA LIMA;7000;AVANTE;DEPUTADO FEDERAL;;;;;NÃO ELEITO;FEMININO;PROFESSOR DE ENSINO FUNDAMENTAL;;;MA;;
100002553418;CAROLINA ESTRELA;CAROLINA MORAES MOREIRA DE SOUZA ESTRELA;2789;DC;DEPUTADO FEDERAL;;;;;NÃO ELEITO;FEMININO;ADVOGADO;;;MA;;
100002545711;CABO VIEIRA;FRANCISCO NONATO VIEIRA DOS SANTOS;3038;NOVO;DEPUTADO FEDERAL;;;;;NÃO ELEITO;MASCULINO;POLICIAL MILITAR;;;MA;;
100002537305;FÁBIO MACEDO;FABIO HENRIQUE DIAS DE MACEDO;2020;PODE;DEPUTADO FEDERAL;;;;;NÃO ELEITO;MASCULINO;EMPRESÁRIO;;;MA;;
100002537304;GUILHERME OLIVEIRA;GUILHERME HENRIQUE BRANCO DE OLIVEIRA;2010;PODE;DEPUTADO FEDERAL;;;;;NÃO ELEITO;MASCULINO;ADVOGADO;;;MA;;
100002537311;ROSANGELA SOUSA;ROSANGELA SILVA SOUSA RAMOS;2066;PODE;DEPUTADO FEDERAL;;;;;NÃO ELEITO;FEMININO;ASSISTENTE SOCIAL;;;MA;;
100002537303;VANICE ALVES;VANICE SILVA ALVES;2077;PODE;DEPUTADO FEDERAL;;;;;NÃO ELEITO;FEMININO;PROFESSOR DE ENSINO MÉDIO;;;MA;;
100002542570;DR. YGLÉSIO;YGLESIO LUCIANO MOYSES SILVA DE SOUZA;2501;PRD;DEPUTADO FEDERAL;;;;;SUPLENTE;MASCULINO;MÉDICO;25-PRD/77-SOLIDARIEDADE;FEDERAÇÃO RENOVAÇÃO SOLIDÁRIA;MA;;
100002542572;SANQUEZ;SANQUEZ MORAES PEREIRA;2500;PRD;DEPUTADO FEDERAL;;;;;SUPLENTE;MASCULINO;EMPRESÁRIO;25-PRD/77-SOLIDARIEDADE;FEDERAÇÃO RENOVAÇÃO SOLIDÁRIA;MA;;
100002542571;JULIANA LEITE;JULIANA DO SOCORRO LEITE BRAGA DA SILVA;2577;PRD;DEPUTADO FEDERAL;;;;;SUPLENTE;FEMININO;VEREADOR;25-PRD/77-SOLIDARIEDADE;FEDERAÇÃO RENOVAÇÃO SOLIDÁRIA;MA;;
100002542568;CAROL NOLETO;CAROLINE CARVALHO NOLETO;7711;SOLIDARIEDADE;DEPUTADO FEDERAL;;;;;SUPLENTE;FEMININO;FARMACÊUTICO;25-PRD/77-SOLIDARIEDADE;FEDERAÇÃO RENOVAÇÃO SOLIDÁRIA;MA;;
100002542566;COMANDANTE SCHNNEYDER;HORMANN SCHNNEYDER ALMEIDA DA SILVA;7778;SOLIDARIEDADE;DEPUTADO FEDERAL;;;;;SUPLENTE;MASCULINO;POLICIAL MILITAR;25-PRD/77-SOLIDARIEDADE;FEDERAÇÃO RENOVAÇÃO SOLIDÁRIA;MA;;
100002542563;RAFAEL NEVES;CARLOS RAFAEL NEVES PEREIRA;2512;PRD;DEPUTADO FEDERAL;;;;;SUPLENTE;MASCULINO;VEREADOR;25-PRD/77-SOLIDARIEDADE;FEDERAÇÃO RENOVAÇÃO SOLIDÁRIA;MA;;
100002548016;ANTONIA CARIONGO;MARIA ANTONIA TEIXEIRA DIAS;5050;PSOL;DEPUTADO FEDERAL;;;;;NÃO ELEITO;FEMININO;TRABALHADOR RURAL;50-PSOL/18-REDE;FEDERAÇÃO PSOL REDE;MA;;
100002548023;SUSY DA SAÚDE;SUSANNA MOURAO SOARES;1888;REDE;DEPUTADO FEDERAL;;;;;NÃO ELEITO;FEMININO;ESTUDANTE, BOLSISTA, ESTAGIÁRIO E ASSEMELHADOS;50-PSOL/18-REDE;FEDERAÇÃO PSOL REDE;MA;;
100002548014;PROF DIMAS POR AMOR AO MA;DIMAS DOS REIS RIBEIRO;1818;REDE;DEPUTADO FEDERAL;;;;;NÃO ELEITO;MASCULINO;PROFESSOR DE ENSINO SUPERIOR;50-PSOL/18-REDE;FEDERAÇÃO PSOL REDE;MA;;
100002546938;CARLOS HERMES;CARLOS HERMES FERREIRA DA CRUZ;1344;PT;DEPUTADO FEDERAL;;;;;SUPLENTE;MASCULINO;PROFESSOR DE ENSINO SUPERIOR;13-PT/65-PC do B/43-PV;FEDERAÇÃO BRASIL DA ESPERANÇA - FE BRASIL;MA;;
100002537263;MARY DO MOJÓ;MARY JANNE FERREIRA GOMES;2223;PL;DEPUTADO FEDERAL;;;;;SUPLENTE;FEMININO;VEREADOR;;;MA;;
100002537259;MARIANA CARVALHO;TACILLA MARIANA CARVALHO SILVA;2210;PL;DEPUTADO FEDERAL;;;;;ELEITO POR QP;FEMININO;ADVOGADO;;;MA;;
100002544452;MARLY ALVES;MARLY ALVES COSTA;5533;PSD;DEPUTADO FEDERAL;;;;;NÃO ELEITO;FEMININO;OUTROS;;;MA;;
100002540261;DAVI BRANDÃO;DAVI BRANDAO FARIAS;15789;MDB;DEPUTADO ESTADUAL;;;;;ELEITO POR QP;MASCULINO;DEPUTADO;;;MA;;
100002540257;GLALBERT CUTRIM;GLALBERT NASCIMENTO CUTRIM;15123;MDB;DEPUTADO ESTADUAL;;;;;SUPLENTE;MASCULINO;DEPUTADO;;;MA;;
100002540281;NETO EVANGELISTA;JOSE ARIMATEA LIMA NETO EVANGELISTA;15678;MDB;DEPUTADO ESTADUAL;;;;;ELEITO POR QP;MASCULINO;ADVOGADO;;;MA;;
100002540279;KEKE TEIXEIRA;WEYKLEN COELHO TEIXEIRA;15555;MDB;DEPUTADO ESTADUAL;;;;;SUPLENTE;MASCULINO;DEPUTADO;;;MA;;
100002545734;MATHEUS CARNEIRO;MATHEUS LUCAS CARNEIRO CHAGAS;40444;PSB;DEPUTADO ESTADUAL;;;;;SUPLENTE;MASCULINO;EMPRESÁRIO;;;MA;;
100002545726;LEANDRO BELLO;LEANDRO BELLO DE SA ROSAS COSTA;40456;PSB;DEPUTADO ESTADUAL;;;;;ELEITO POR QP;MASCULINO;DEPUTADO;;;MA;;
100002545725;DELIO RODRIGUES;DELIO RODRIGUES DA SILVA;40888;PSB;DEPUTADO ESTADUAL;;;;;SUPLENTE;MASCULINO;EMPRESÁRIO;;;MA;;
100002545735;CARLOS PEIXEIRO;CARLOS AUGUSTO PINTO DINIZ;40140;PSB;DEPUTADO ESTADUAL;;;;;SUPLENTE;MASCULINO;OUTROS;;;MA;;
100002535493;DELEGADO ASSIS RAMOS;FRANCISCO DE ASSIS ANDRADE RAMOS;10456;REPUBLICANOS;DEPUTADO ESTADUAL;;;;;SUPLENTE;MASCULINO;SERVIDOR PÚBLICO ESTADUAL;;;MA;;
100002535486;PARÁ FIGUEIREDO;KARLOS PARABUCU SANTOS FIGUEIREDO DOS ANJOS;10111;REPUBLICANOS;DEPUTADO ESTADUAL;;;;;SUPLENTE;MASCULINO;OUTROS;;;MA;;
100002535495;ROSANA DA SAÚDE;MARIA ROSANA DA SILVA;10123;REPUBLICANOS;DEPUTADO ESTADUAL;;;;;SUPLENTE;FEMININO;SERVIDOR PÚBLICO MUNICIPAL;;;MA;;
100002535478;CATULÉ JUNIOR;ANTONIO JOSE BITTENCOURT DE ALBUQUERQUE JUNIOR;10888;REPUBLICANOS;DEPUTADO ESTADUAL;;;;;ELEITO POR QP;MASCULINO;ADVOGADO;;;MA;;
100002537278;DETINHA;MARIA DEUSDETE LIMA CUNHA RODRIGUES;22333;PL;DEPUTADO ESTADUAL;;;;;ELEITO POR QP;FEMININO;ASSISTENTE SOCIAL;;;MA;;
100002537300;EDSON ARAÚJO;EDSON CUNHA DE ARAÚJO;22888;PL;DEPUTADO ESTADUAL;;;;;SUPLENTE;MASCULINO;DEPUTADO;;;MA;;
100002537282;RENECLEI DE SOUSA;FRANCISCO RENECLEI DE SOUSA ARAÚJO;22192;PL;DEPUTADO ESTADUAL;;;;;SUPLENTE;MASCULINO;EMPRESÁRIO;;;MA;;
100002549201;CHAGAS CUNHA;FRANCISCO DAS CHAGAS ALMEIDA CUNHA;50111;PSOL;DEPUTADO ESTADUAL;;;;;NÃO ELEITO;MASCULINO;ENGENHEIRO;50-PSOL/18-REDE;FEDERAÇÃO PSOL REDE;MA;;
100002549210;BEATRIZ LIMA;BEATRIZ SILVA LIMA MARTINS;50501;PSOL;DEPUTADO ESTADUAL;;;;;NÃO ELEITO;FEMININO;ADVOGADO;50-PSOL/18-REDE;FEDERAÇÃO PSOL REDE;MA;;
100002553740;HEBER CAVALCANTE;HEBER CAVALCANTE DE SOUZA;50505;PSOL;DEPUTADO ESTADUAL;;;;;NÃO ELEITO;MASCULINO;BANCÁRIO E ECONOMIÁRIO;50-PSOL/18-REDE;FEDERAÇÃO PSOL REDE;MA;;
100002549220;THAYNARA RIBEIRO;THAYNARA DE MORAES RIBEIRO;18020;REDE;DEPUTADO ESTADUAL;;;;;NÃO ELEITO;FEMININO;ESTUDANTE, BOLSISTA, ESTAGIÁRIO E ASSEMELHADOS;50-PSOL/18-REDE;FEDERAÇÃO PSOL REDE;MA;;
100002549217;HERBERT POETA;HERBERT DE JESUS SANTOS;50222;PSOL;DEPUTADO ESTADUAL;;;;;NÃO ELEITO;MASCULINO;JORNALISTA E REDATOR;50-PSOL/18-REDE;FEDERAÇÃO PSOL REDE;MA;;
100002549014;RAIMUNDO MOREIRA;RAIMUNDO MOREIRA CORREA;212;PCB;SENADOR;;;;;NÃO ELEITO;MASCULINO;PESCADOR;;;MA;;
100002545280;RÉGINA GALENO;REGINA MARIA SILVA GALENO;65123;PCDOB;DEPUTADO ESTADUAL;;;;;SUPLENTE;FEMININO;PEDAGOGO;13-PT/65-PC do B/43-PV;FEDERAÇÃO BRASIL DA ESPERANÇA - FE BRASIL;MA;;
100002545258;MARINA SOUSA;MARINA DE SOUSA SOARES;13444;PT;DEPUTADO ESTADUAL;;;;;SUPLENTE;FEMININO;OUTROS;13-PT/65-PC do B/43-PV;FEDERAÇÃO BRASIL DA ESPERANÇA - FE BRASIL;MA;;
100002545253;GAUDINO GUSMÃO;GAUDINO MARCOS CANTANHEDE GUSMAO;13110;PT;DEPUTADO ESTADUAL;;;;;SUPLENTE;MASCULINO;PROFESSOR DE ENSINO SUPERIOR;13-PT/65-PC do B/43-PV;FEDERAÇÃO BRASIL DA ESPERANÇA - FE BRASIL;MA;;
100002545261;RENATO 10;RENATO COELHO CUNHA;13010;PT;DEPUTADO ESTADUAL;;;;;SUPLENTE;MASCULINO;ADVOGADO;13-PT/65-PC do B/43-PV;FEDERAÇÃO BRASIL DA ESPERANÇA - FE BRASIL;MA;;
100002545264;LYA AMARAL;ELIENAY DE JESUS AMARAL FROZ;13026;PT;DEPUTADO ESTADUAL;;;;;SUPLENTE;FEMININO;OUTROS;13-PT/65-PC do B/43-PV;FEDERAÇÃO BRASIL DA ESPERANÇA - FE BRASIL;MA;;
100002545257;DEUSIMAR NASCIMENTO;DEUSIMAR DO NASCIMENTO SA;13400;PT;DEPUTADO ESTADUAL;;;;;SUPLENTE;MASCULINO;PROFESSOR DE ENSINO MÉDIO;13-PT/65-PC do B/43-PV;FEDERAÇÃO BRASIL DA ESPERANÇA - FE BRASIL;MA;;
100002535651;ANGELA SILVA;ANGELA MARIA DE SOUSA SILVA;12555;PDT;DEPUTADO ESTADUAL;;;;;SUPLENTE;FEMININO;TRABALHADOR RURAL;;;MA;;
100002535648;ARNALDO GOMES;ARNALDO GOMES DE SOUSA;12712;PDT;DEPUTADO ESTADUAL;;;;;SUPLENTE;MASCULINO;VEREADOR;;;MA;;
100002550956;FILHO DE COQUEIRO;RAIMUNDO JOSÉ MENDES FILHO;70001;AVANTE;DEPUTADO ESTADUAL;;;;;NÃO ELEITO;MASCULINO;EMPRESÁRIO;;;MA;;
100002550959;NAYARA BASTOS;NAYARA BASTOS DE CARVALHO;70777;AVANTE;DEPUTADO ESTADUAL;;;;;NÃO ELEITO;FEMININO;CORRETOR DE IMÓVEIS, SEGUROS, TÍTULOS E VALORES;;;MA;;
100002550964;ANDRÉ CATITA;LUIS ANDRE SILVA DOS SANTOS;70987;AVANTE;DEPUTADO ESTADUAL;;;;;NÃO ELEITO;MASCULINO;EMPRESÁRIO;;;MA;;
100002550953;ENZO MILHOMEM;ENZO DI LAMARTINE DA SILVA MILHOMEM;70456;AVANTE;DEPUTADO ESTADUAL;;;;;NÃO ELEITO;MASCULINO;EMPRESÁRIO;;;MA;;
100002550971;JOÃO LIMA;JOÃO LIMA DIAS DO LAGO;70555;AVANTE;DEPUTADO ESTADUAL;;;;;NÃO ELEITO;MASCULINO;VIGILANTE;;;MA;;
100002545690;FABIANO AUGUSTO;FABIANO AUGUSTO BARBOSA CORREA;30770;NOVO;DEPUTADO ESTADUAL;;;;;NÃO ELEITO;MASCULINO;ADMINISTRADOR;;;MA;;
100002550324;FABIANA MELO RODRIGUES;FABIANA DE MELO RODRIGUES;55055;PSD;DEPUTADO ESTADUAL;;;;;SUPLENTE;FEMININO;ADVOGADO;;;MA;;
100002550333;JUNIOR VIEIRA;VALDECY VIEIRA JUNIOR;55222;PSD;DEPUTADO ESTADUAL;;;;;ELEITO POR QP;MASCULINO;OUTROS;;;MA;;
100002550330;JOÃO DO SOM;JOAO GOMES DOS SANTOS;55333;PSD;DEPUTADO ESTADUAL;;;;;SUPLENTE;MASCULINO;LOCUTOR E COMENTARISTA DE RÁDIO E TELEVISÃO E RADIALISTA;;;MA;;
100002537365;CORONEL DALADIER;MIGUEL DALADIER BARROS;222;PL;1º SUPLENTE;;;;;NÃO ELEITO;MASCULINO;ADVOGADO;;;MA;;
100002537262;MARGARIDA;MARGARIDA MOREIRA MENDES MACEDO;2266;PL;DEPUTADO FEDERAL;;;;;NÃO ELEITO;FEMININO;ENFERMEIRO;;;MA;;
100002545279;CHAGA ROSA;FRANCISCO DAS CHAGAS ROSA DO NASCIMENTO;13130;PT;DEPUTADO ESTADUAL;;;;;NÃO ELEITO;MASCULINO;SERVIDOR PÚBLICO MUNICIPAL;13-PT/65-PC do B/43-PV;FEDERAÇÃO BRASIL DA ESPERANÇA - FE BRASIL;MA;;
100002553336;SIMPLÍCIO ARAÚJO;JOSÉ SIMPLÍCIO ALVES DE ARAÚJO;277;DC;SENADOR;;;;;NÃO ELEITO;MASCULINO;ANALISTA DE SISTEMAS;;;MA;;
100002553744;MARCOS FREITAS;MARCOS ANTÔNIO FÉLIX FREITAS;50022;PSOL;DEPUTADO ESTADUAL;;;;;;MASCULINO;PROFESSOR DE ENSINO MÉDIO;50-PSOL/18-REDE;FEDERAÇÃO PSOL REDE;MA;;
100002550970;EUNICE DA SINUCA;MARIA EUNICE BEZERRA FERREIRA;70787;AVANTE;DEPUTADO ESTADUAL;;;;;;FEMININO;EMPRESÁRIO;;;MA;;
100002545679;EDUARDO BRAIDE;EDUARDO SALIM BRAIDE;55;PSD;GOVERNADOR;;;;;ELEITO;MASCULINO;ADVOGADO;;;MA;;
100002544076;ANDRÉ LUIS;ANDRÉ LUÍS CAETANO DOS SANTOS;14;MISSÃO;GOVERNADOR;;;;;NÃO ELEITO;MASCULINO;EMPRESÁRIO;;;MA;;
100002536098;HILDO ROCHA;HILDO AUGUSTO DA ROCHA NETO;1515;MDB;DEPUTADO FEDERAL;;;;;ELEITO POR QP;MASCULINO;DEPUTADO;;;MA;;
100002542879;GIL CUTRIM;GILLIANO FRED NASCIMENTO CUTRIM;4400;UNIÃO;DEPUTADO FEDERAL;;;;;SUPLENTE;MASCULINO;ADVOGADO;44-UNIÃO/11-PP;FEDERAÇÃO UNIÃO PROGRESSISTA;MA;;
100002542878;PEDRO LUCAS FERNANDES;PEDRO LUCAS ANDRADE FERNANDES RIBEIRO;4444;UNIÃO;DEPUTADO FEDERAL;;;;;ELEITO POR QP;MASCULINO;ADMINISTRADOR;44-UNIÃO/11-PP;FEDERAÇÃO UNIÃO PROGRESSISTA;MA;;
100002542885;RÔMULO AUGUSTO;ROMULO AUGUSTO TROVAO MOREIRA LIMA;4433;UNIÃO;DEPUTADO FEDERAL;;;;;SUPLENTE;MASCULINO;ENGENHEIRO;44-UNIÃO/11-PP;FEDERAÇÃO UNIÃO PROGRESSISTA;MA;;
100002554370;LIMA SANTOS;JOSE RIBAMAR LIMA DOS SANTOS;3391;MOBILIZA;DEPUTADO FEDERAL;;;;;NÃO ELEITO;MASCULINO;VENDEDOR PRACISTA, REPRESENTANTE, CAIXEIRO-VIAJANTE E ASSEMELHADOS;;;MA;;
100002535251;ERLANIO XAVIER;ERLANIO FURTADO LUNA XAVIER;1234;PDT;DEPUTADO FEDERAL;;;;;ELEITO POR MÉDIA;MASCULINO;EMPRESÁRIO;;;MA;;
100002535242;FÁBIO VIEGAS;FABIO HENRIQUE COSTA VIEGAS;1255;PDT;DEPUTADO FEDERAL;;;;;SUPLENTE;MASCULINO;COMERCIANTE;;;MA;;
100002535245;POLIANA GATINHO;POLIANA SILVA GATINHO;1277;PDT;DEPUTADO FEDERAL;;;;;SUPLENTE;FEMININO;OUTROS;;;MA;;
100002541466;OTHELINO NETO;OTHELINO NOVA ALVES NETO;4040;PSB;DEPUTADO FEDERAL;;;;;NÃO ELEITO;MASCULINO;DEPUTADO;;;MA;;
100002548236;MARCOS UNILLAR;ANTONIO MARCOS AMORIM ARAUJO;2345;CIDADANIA;DEPUTADO FEDERAL;;;;;SUPLENTE;MASCULINO;COMERCIANTE;45-PSDB/23-CIDADANIA;FEDERAÇÃO PSDB CIDADANIA;MA;;
100002548238;JÚLIO DO MOISÉS;MARCOS JULIO SANTANA ALVES;2344;CIDADANIA;DEPUTADO FEDERAL;;;;;SUPLENTE;MASCULINO;EMPRESÁRIO;45-PSDB/23-CIDADANIA;FEDERAÇÃO PSDB CIDADANIA;MA;;
100002548242;KATMA BELÉM;KÁTMA IVANE PINTO AGUIAR;4555;PSDB;DEPUTADO FEDERAL;;;;;SUPLENTE;FEMININO;SERVIDOR PÚBLICO MUNICIPAL;45-PSDB/23-CIDADANIA;FEDERAÇÃO PSDB CIDADANIA;MA;;
100002535227;LUIZA CALVET;LUIZA CARLA MUNIZ CALVET;1000;REPUBLICANOS;DEPUTADO FEDERAL;;;;;SUPLENTE;FEMININO;OUTROS;;;MA;;
100002550734;CARLOS MAGNO;CARLOS MAGNO DOS REMÉDIOS;7013;AVANTE;DEPUTADO FEDERAL;;;;;NÃO ELEITO;MASCULINO;OUTROS;;;MA;;
100002550731;ANADRIA VIANA;ANADRIA CHAVES VIANA;7044;AVANTE;DEPUTADO FEDERAL;;;;;NÃO ELEITO;FEMININO;ADVOGADO;;;MA;;
100002550741;DÉBORA PINHEIRO;DEBORA PORTO PINHEIRO;7007;AVANTE;DEPUTADO FEDERAL;;;;;NÃO ELEITO;FEMININO;EMPRESÁRIO;;;MA;;
100002550739;GINA CARNEIRO;GINA DANIELLE FERREIRA CARNEIRO ARAUJO;7077;AVANTE;DEPUTADO FEDERAL;;;;;NÃO ELEITO;FEMININO;EMPRESÁRIO;;;MA;;
100002550738;ALDO ROGÉRIO COLETIVO DO POVO;ALDO ROGERIO RIBEIRO FERREIRA;7012;AVANTE;DEPUTADO FEDERAL;;;;;NÃO ELEITO;MASCULINO;OUTROS;;;MA;;
100002537316;DR.HELTON MESQUITA;HELTON JOSE DE OLIVEIRA MESQUITA;2021;PODE;DEPUTADO FEDERAL;;;;;NÃO ELEITO;MASCULINO;MÉDICO;;;MA;;
100002537313;DRA. THARCIANNE GARCEZ;THARCIANNE ABREU GARCEZ CAVALCANTE;2033;PODE;DEPUTADO FEDERAL;;;;;NÃO ELEITO;FEMININO;MÉDICO;;;MA;;
100002537318;LUZIA MARY;LUZIA MARY DE ARAÚJO;2022;PODE;DEPUTADO FEDERAL;;;;;NÃO ELEITO;FEMININO;DONA DE CASA;;;MA;;
100002542567;BIANCA RIBEIRO;BIANCA DO NASCIMENTO RIBEIRO;2515;PRD;DEPUTADO FEDERAL;;;;;SUPLENTE;FEMININO;ENGENHEIRO;25-PRD/77-SOLIDARIEDADE;FEDERAÇÃO RENOVAÇÃO SOLIDÁRIA;MA;;
100002542561;KARINA DA DINDAS;KARINA LEDA BORJAS;2504;PRD;DEPUTADO FEDERAL;;;;;SUPLENTE;FEMININO;COMERCIANTE;25-PRD/77-SOLIDARIEDADE;FEDERAÇÃO RENOVAÇÃO SOLIDÁRIA;MA;;
100002542573;RIBEIRO NETO;AIRES DO ESPIRITO SANTO RIBEIRO NETO;7777;SOLIDARIEDADE;DEPUTADO FEDERAL;;;;;SUPLENTE;MASCULINO;EMPRESÁRIO;25-PRD/77-SOLIDARIEDADE;FEDERAÇÃO RENOVAÇÃO SOLIDÁRIA;MA;;
100002542557;ANA PATRICIA;ANA PATRICIA SANTOS DE SA ARAUJO;2599;PRD;DEPUTADO FEDERAL;;;;;SUPLENTE;FEMININO;VETERINÁRIO;25-PRD/77-SOLIDARIEDADE;FEDERAÇÃO RENOVAÇÃO SOLIDÁRIA;MA;;
100002548021;SELMA CARVALHO;SELMA CARVALHO PEREIRA DA SILVA;1813;REDE;DEPUTADO FEDERAL;;;;;NÃO ELEITO;FEMININO;ASSISTENTE SOCIAL;50-PSOL/18-REDE;FEDERAÇÃO PSOL REDE;MA;;
100002548025;CHAGUINHA DE MANGAS;FRANCISCA DAS CHAGAS SANTOS SOUSA;5013;PSOL;DEPUTADO FEDERAL;;;;;NÃO ELEITO;FEMININO;TRABALHADOR RURAL;50-PSOL/18-REDE;FEDERAÇÃO PSOL REDE;MA;;
100002546922;RUBENS PEREIRA JR;RUBENS PEREIRA E SILVA JUNIOR;1300;PT;DEPUTADO FEDERAL;;;;;ELEITO POR QP;MASCULINO;DEPUTADO;13-PT/65-PC do B/43-PV;FEDERAÇÃO BRASIL DA ESPERANÇA - FE BRASIL;MA;;
100002537255;NONATO SAMPAIO;RAIMUNDO NONATO SAMPAIO PIMENTA;2211;PL;DEPUTADO FEDERAL;;;;;SUPLENTE;MASCULINO;EMPRESÁRIO;;;MA;;
100002537257;FLAVIA BERTHIER;FLAVIA TERESA BERTHIER DA SILVA BARROS CUNHA;2201;PL;DEPUTADO FEDERAL;;;;;SUPLENTE;FEMININO;VEREADOR;;;MA;;
100002544448;SIRLAN SOUSA;SIRLAN SILVA SOUSA;5550;PSD;DEPUTADO FEDERAL;;;;;NÃO ELEITO;FEMININO;JORNALISTA E REDATOR;;;MA;;
100002544450;MAURICIO DA ENFERMAGEM;JOSÉ MAURICIO MELO ROCHA FILHO;5577;PSD;DEPUTADO FEDERAL;;;;;NÃO ELEITO;MASCULINO;EMPRESÁRIO;;;MA;;
100002540278;DRA NEIDE CARVALHO;IRANEIDE DE ALBUQUERQUE CARVALHO;15656;MDB;DEPUTADO ESTADUAL;;;;;SUPLENTE;FEMININO;ADVOGADO;;;MA;;
100002551481;ROSA DO BOI;ROSA CARVALHO MESQUITA;15667;MDB;DEPUTADO ESTADUAL;;;;;SUPLENTE;FEMININO;TÉCNICO DE ENFERMAGEM E ASSEMELHADOS (EXCETO ENFERMEIRO);;;MA;;
100002545728;DR. KAKÁ VIANA;CARLOS ALUISIO DE OLIVEIRA VIANA;40022;PSB;DEPUTADO ESTADUAL;;;;;SUPLENTE;MASCULINO;ADVOGADO;;;MA;;
100002545733;WYNDSON;WYNDSON CARLOS GOMES CARVALHO;40055;PSB;DEPUTADO ESTADUAL;;;;;SUPLENTE;MASCULINO;ESTUDANTE, BOLSISTA, ESTAGIÁRIO E ASSEMELHADOS;;;MA;;
100002545721;RUAN SOUSA;RUAN GAMA SOUSA;40221;PSB;DEPUTADO ESTADUAL;;;;;SUPLENTE;MASCULINO;OUTROS;;;MA;;
100002545729;TATHY ESTRELA;THAIS MONTEIRO FRIAS GUIMARÃES;40040;PSB;DEPUTADO ESTADUAL;;;;;SUPLENTE;FEMININO;FISIOTERAPEUTA E TERAPEUTA OCUPACIONAL;;;MA;;
100002542576;VALDENIO CAMINHA;VALDENIO NOGUEIRA CAMINHA;25222;PRD;DEPUTADO ESTADUAL;;;;;SUPLENTE;MASCULINO;ADVOGADO;25-PRD/77-SOLIDARIEDADE;FEDERAÇÃO RENOVAÇÃO SOLIDÁRIA;MA;;
100002542591;CLAUDIO DO CALDO;CLAUDIO DAVID DE ANDRADE;77000;SOLIDARIEDADE;DEPUTADO ESTADUAL;;;;;SUPLENTE;MASCULINO;OUTROS;25-PRD/77-SOLIDARIEDADE;FEDERAÇÃO RENOVAÇÃO SOLIDÁRIA;MA;;
100002542588;DR. ANTONIO BORBA;ANTONIO BORBA LIMA;25252;PRD;DEPUTADO ESTADUAL;;;;;SUPLENTE;MASCULINO;MÉDICO;25-PRD/77-SOLIDARIEDADE;FEDERAÇÃO RENOVAÇÃO SOLIDÁRIA;MA;;
100002542582;JULYFRAN CATINGUEIRO;JULYFRAN FREIRES DE SOUSA;77777;SOLIDARIEDADE;DEPUTADO ESTADUAL;;;;;SUPLENTE;MASCULINO;EMPRESÁRIO;25-PRD/77-SOLIDARIEDADE;FEDERAÇÃO RENOVAÇÃO SOLIDÁRIA;MA;;
100002542585;ANTÔNIO RABELO;ANTONIO CARLOS TELES RABELO NETO;25123;PRD;DEPUTADO ESTADUAL;;;;;SUPLENTE;MASCULINO;OUTROS;25-PRD/77-SOLIDARIEDADE;FEDERAÇÃO RENOVAÇÃO SOLIDÁRIA;MA;;
100002542587;RICARDO GONÇALVES;RICARDO JOSE GONCALVES;25046;PRD;DEPUTADO ESTADUAL;;;;;SUPLENTE;MASCULINO;SERVIDOR PÚBLICO FEDERAL;25-PRD/77-SOLIDARIEDADE;FEDERAÇÃO RENOVAÇÃO SOLIDÁRIA;MA;;
100002535491;COLETIVO PROTEGER E SERVIR;RAFAELA DA SILVA NEVES;10777;REPUBLICANOS;DEPUTADO ESTADUAL;;;;;SUPLENTE;FEMININO;SERVIDOR PÚBLICO MUNICIPAL;;;MA;;
100002535480;JUNIOR CASCARIA;AUGUSTO INACIO PINHEIRO JUNIOR;10000;REPUBLICANOS;DEPUTADO ESTADUAL;;;;;ELEITO POR QP;MASCULINO;EMPRESÁRIO;;;MA;;
100002537297;REGILDA SANTOS;REGILDA DOS SANTOS CORREA;22444;PL;DEPUTADO ESTADUAL;;;;;SUPLENTE;FEMININO;CONTADOR;;;MA;;
100002537289;FABIANA RAMADA;FABIANA CRISTINA SILVA CUTRIM;22522;PL;DEPUTADO ESTADUAL;;;;;SUPLENTE;FEMININO;EMPRESÁRIO;;;MA;;
100002537299;CLÁUDIO CUNHA;CLAUDIO LUIZ LIMA CUNHA;22555;PL;DEPUTADO ESTADUAL;;;;;ELEITO POR MÉDIA;MASCULINO;EMPRESÁRIO;;;MA;;
100002549199;SHARLLAM MACIEL;SHARLLAM MACIEL VIANA;18100;REDE;DEPUTADO ESTADUAL;;;;;NÃO ELEITO;MASCULINO;SERVIDOR PÚBLICO MUNICIPAL;50-PSOL/18-REDE;FEDERAÇÃO PSOL REDE;MA;;
100002549194;NONATO MORAES;RAIMUNDO NONATO MORAES ANDRADE;50000;PSOL;DEPUTADO ESTADUAL;;;;;NÃO ELEITO;MASCULINO;SERVIDOR PÚBLICO ESTADUAL;50-PSOL/18-REDE;FEDERAÇÃO PSOL REDE;MA;;
100002549193;GILVÂNIA PADILHA;GILVANIA DE JESUS CUTRIM PADILHA;50444;PSOL;DEPUTADO ESTADUAL;;;;;NÃO ELEITO;FEMININO;ESTUDANTE, BOLSISTA, ESTAGIÁRIO E ASSEMELHADOS;50-PSOL/18-REDE;FEDERAÇÃO PSOL REDE;MA;;
100002545260;PROFESSOR JÚLIO PINHEIRO;ANTONIO JULIO GOMES PINHEIRO;65651;PCDOB;DEPUTADO ESTADUAL;;;;;SUPLENTE;MASCULINO;PROFESSOR DE ENSINO FUNDAMENTAL;13-PT/65-PC do B/43-PV;FEDERAÇÃO BRASIL DA ESPERANÇA - FE BRASIL;MA;;
100002545263;MANELIM;MANOEL EVANGELISTA DUARTE;13111;PT;DEPUTADO ESTADUAL;;;;;SUPLENTE;MASCULINO;DETETIVE PARTICULAR;13-PT/65-PC do B/43-PV;FEDERAÇÃO BRASIL DA ESPERANÇA - FE BRASIL;MA;;
100002545256;REGINA LINS DA MUNDIAL;REGINA LINS ROCHA DA SILVA;13777;PT;DEPUTADO ESTADUAL;;;;;SUPLENTE;FEMININO;OUTROS;13-PT/65-PC do B/43-PV;FEDERAÇÃO BRASIL DA ESPERANÇA - FE BRASIL;MA;;
100002535649;AMORIM;DORIVAL DA HORA AMORIM;12111;PDT;DEPUTADO ESTADUAL;;;;;SUPLENTE;MASCULINO;OUTROS;;;MA;;
100002550952;RAUL SEGUNDO BIBIU;RAUL RIBEIRO BATISTA II;70190;AVANTE;DEPUTADO ESTADUAL;;;;;NÃO ELEITO;MASCULINO;EMPRESÁRIO;;;MA;;
100002550955;JARDSON DO PAÇO;JARDSON SILVA;70852;AVANTE;DEPUTADO ESTADUAL;;;;;NÃO ELEITO;MASCULINO;EMPRESÁRIO;;;MA;;
100002550954;FRANCISCO DA BTV;FRANCISCO REIS DA SILVA;70111;AVANTE;DEPUTADO ESTADUAL;;;;;NÃO ELEITO;MASCULINO;JORNALISTA E REDATOR;;;MA;;
100002550950;IKARO BARBOSA;IKARO GUILHERME SILVA BARBOSA;70222;AVANTE;DEPUTADO ESTADUAL;;;;;NÃO ELEITO;MASCULINO;EMPRESÁRIO;;;MA;;
100002542852;PASTOR CÉLIO HENRIQUE;JOSE MARIO CELIO HENRIQUE CHAGAS;44222;UNIÃO;DEPUTADO ESTADUAL;;;;;SUPLENTE;MASCULINO;SACERDOTE OU MEMBRO DE ORDEM OU SEITA RELIGIOSA;44-UNIÃO/11-PP;FEDERAÇÃO UNIÃO PROGRESSISTA;MA;;
100002552702;O HOMEM DO VENTILADOR;ELSON SANTOS LIMA;44789;UNIÃO;DEPUTADO ESTADUAL;;;;;SUPLENTE;MASCULINO;ELETRICISTA E ASSEMELHADOS;44-UNIÃO/11-PP;FEDERAÇÃO UNIÃO PROGRESSISTA;MA;;
100002545692;ADRIANO CUNHA;ADRIANO CUNHA REIS;30333;NOVO;DEPUTADO ESTADUAL;;;;;NÃO ELEITO;MASCULINO;ADMINISTRADOR;;;MA;;
100002550340;ENFERMEIRA FATIMA SALES;MARIA DE FATIMA SALES;55355;PSD;DEPUTADO ESTADUAL;;;;;SUPLENTE;FEMININO;ENFERMEIRO;;;MA;;
100002550338;RAQUEL SIQUEIRA;RAQUEL FERREIRA BATISTA;55655;PSD;DEPUTADO ESTADUAL;;;;;SUPLENTE;FEMININO;DONA DE CASA;;;MA;;
100002548013;MAURÍCIO RIZZI;MAURÍCIO BAGGIO RIZZI;300;NOVO;1º SUPLENTE;;;;;ELEITO;MASCULINO;PECUARISTA;;;MA;;
100002537366;ZÉ GABRIEL;JOSE CARLOS GABRIEL;222;PL;2º SUPLENTE;;;;;NÃO ELEITO;MASCULINO;OUTROS;;;MA;;
100002541461;PATRÍCIA CARLOS;PATRICIA CARLOS DE SOUSA MACIEIRA;133;PT;2º SUPLENTE;;;;;NÃO ELEITO;FEMININO;ASSISTENTE SOCIAL;13-PT/65-PC do B/43-PV;FEDERAÇÃO BRASIL DA ESPERANÇA - FE BRASIL;MA;;
100002546931;DAYANA ROBERTA;DAIANA ROBERTA SILVA GOMES;1310;PT;DEPUTADO FEDERAL;;;;;NÃO ELEITO;FEMININO;PROFESSOR E INSTRUTOR DE FORMAÇÃO PROFISSIONAL;13-PT/65-PC do B/43-PV;FEDERAÇÃO BRASIL DA ESPERANÇA - FE BRASIL;MA;;
100002553338;CÉLIO REI DO CAVALO;CÍCERO CÉLIO DA SILVA;277;DC;2º SUPLENTE;;;;;NÃO ELEITO;MASCULINO;OUTROS;;;MA;;
100002554372;ELIENE FREIRE;ELIENE FREIRE;3370;MOBILIZA;DEPUTADO FEDERAL;;;;;NÃO ELEITO;FEMININO;ESTUDANTE, BOLSISTA, ESTAGIÁRIO E ASSEMELHADOS;;;MA;;
100002554369;PAULO SERGIO;PAULO SERGIO RODRIGUES FERREIRA;3365;MOBILIZA;DEPUTADO FEDERAL;;;;;NÃO ELEITO;MASCULINO;OUTROS;;;MA;;
100002535484;ALUISIO SOUSA;ALUISIO SILVA SOUSA;10144;REPUBLICANOS;DEPUTADO ESTADUAL;;;;;SUPLENTE;MASCULINO;COMERCIANTE;;;MA;;
100002537298;PR. ELIAS OLIVEIRA;JOSE ELIAS DE OLIVEIRA;22442;PL;DEPUTADO ESTADUAL;;;;;;MASCULINO;OUTROS;;;MA;;
100002549218;JOMAR PINHEIRO;JOMAR PINHEIRO CARVALHO;50803;PSOL;DEPUTADO ESTADUAL;;;;;;MASCULINO;COMERCIANTE;50-PSOL/18-REDE;FEDERAÇÃO PSOL REDE;MA;;
100002550968;MULHER LEAL;SANDRIANE GOMES DA SILVA LEAL;70085;AVANTE;DEPUTADO ESTADUAL;;;;;;FEMININO;GERENTE;;;MA;;
100002550419;ESTER ALVES;ESTER ALVES SOARES;333;AGIR;1º SUPLENTE;;;;;;FEMININO;CONTADOR;;;MA;;
100002542556;FELIPE CAMARÃO;FELIPE COSTA CAMARAO;13;PT;GOVERNADOR;;;;;NÃO ELEITO;MASCULINO;ADVOGADO;13-PT/65-PC do B/43-PV;FEDERAÇÃO BRASIL DA ESPERANÇA - FE BRASIL;MA;;
100002536099;PROF. CLAUDIA;CLAUDIA REGINA DAS CHAGAS SOUSA;1567;MDB;DEPUTADO FEDERAL;;;;;SUPLENTE;FEMININO;DIRETOR DE ESTABELECIMENTO DE ENSINO;;;MA;;
100002542871;JOSENILDO GARRETO;JOSENILDO GARRETO CARVALHO;4466;UNIÃO;DEPUTADO FEDERAL;;;;;SUPLENTE;MASCULINO;SERVIDOR PÚBLICO MUNICIPAL;44-UNIÃO/11-PP;FEDERAÇÃO UNIÃO PROGRESSISTA;MA;;
100002549135;AFONSO SODRÉ;AFONSO DA SILVA SODRE;8000;UP;DEPUTADO FEDERAL;;;;;NÃO ELEITO;MASCULINO;OUTROS;;;MA;;
100002549136;ÁGATA TREBI;AGATA LAKSHMI TREBI;8080;UP;DEPUTADO FEDERAL;;;;;NÃO ELEITO;FEMININO;PROFESSOR DE ENSINO FUNDAMENTAL;;;MA;;
100002535239;NAURA;NAURA CELIA ROSA PIRES;1299;PDT;DEPUTADO FEDERAL;;;;;SUPLENTE;FEMININO;AGRICULTOR;;;MA;;
100002535252;ALBERTO SOUSA;AMAURI ALBERTO PEREIRA DE SOUSA;1212;PDT;DEPUTADO FEDERAL;;;;;SUPLENTE;MASCULINO;VEREADOR;;;MA;;
100002541480;FERNANDO FURTADO - COLETIVO SU;FERNANDO LUIZ RIBEIRO FURTADO;4099;PSB;DEPUTADO FEDERAL;;;;;NÃO ELEITO;MASCULINO;PESCADOR;;;MA;;
100002541477;JÚNIOR PASSINHO;ADELMAN GONÇALVES PASSINHO;4088;PSB;DEPUTADO FEDERAL;;;;;NÃO ELEITO;MASCULINO;EMPRESÁRIO;;;MA;;
100002541464;RAIMUNDINHO DO COLETIVO ETA;JOSÉ RAIMUNDO RODRIGUES LOPES;4020;PSB;DEPUTADO FEDERAL;;;;;NÃO ELEITO;MASCULINO;OUTROS;;;MA;;
100002541463;GUILHERME MULATO;GUILHERME JUNIOR BEZERRA MULATO;4055;PSB;DEPUTADO FEDERAL;;;;;NÃO ELEITO;MASCULINO;JORNALISTA E REDATOR;;;MA;;
100002541467;CLEIVA ANCELES;CLEIVA SOUSA SILVA ANCELES;4077;PSB;DEPUTADO FEDERAL;;;;;NÃO ELEITO;FEMININO;ASSISTENTE SOCIAL;;;MA;;
100002548239;DR GLAUDSON;GLAUDSON DE OLIVEIRA MORAES;4512;PSDB;DEPUTADO FEDERAL;;;;;SUPLENTE;MASCULINO;ADVOGADO;45-PSDB/23-CIDADANIA;FEDERAÇÃO PSDB CIDADANIA;MA;;
100002548246;JUSCELINO FILHO;JOSE JUSCELINO DOS SANTOS REZENDE FILHO;4510;PSDB;DEPUTADO FEDERAL;;;;;ELEITO POR MÉDIA;MASCULINO;MÉDICO;45-PSDB/23-CIDADANIA;FEDERAÇÃO PSDB CIDADANIA;MA;;
100002535232;MICAL DAMASCENO;MICAL SILVA DAMASCENO;1022;REPUBLICANOS;DEPUTADO FEDERAL;;;;;SUPLENTE;FEMININO;DEPUTADO;;;MA;;
100002553419;DR. PAULO MOURA;PAULO SERGIO SILVESTRE DE MOURA;2727;DC;DEPUTADO FEDERAL;;;;;NÃO ELEITO;MASCULINO;MÉDICO;;;MA;;
100002545701;LUCIANO ARALDI;LUCIANO DA COSTA ARALDI;3088;NOVO;DEPUTADO FEDERAL;;;;;NÃO ELEITO;MASCULINO;EMPRESÁRIO;;;MA;;
100002545708;JOTA GUEDES;JOCELMO GUEDES DE ALENCAR;3007;NOVO;DEPUTADO FEDERAL;;;;;NÃO ELEITO;MASCULINO;OUTROS;;;MA;;
100002545707;MICHELLY GUIMARÃES;MICHELLY DA SILVA GUIMARÃES;3033;NOVO;DEPUTADO FEDERAL;;;;;NÃO ELEITO;FEMININO;EMPRESÁRIO;;;MA;;
100002545714;EVERSON CAVALCANTI;EVERSON GOMES CAVALCANTI;3022;NOVO;DEPUTADO FEDERAL;;;;;NÃO ELEITO;MASCULINO;ADVOGADO;;;MA;;
100002545703;SARGENTO ELIEZIO;ELIEZIO RIBEIRO DE SOUZA;3011;NOVO;DEPUTADO FEDERAL;;;;;NÃO ELEITO;MASCULINO;MILITAR REFORMADO;;;MA;;
100002537312;OLIVIA OLIVEIRA;OLIVIA RACHEL SOUSA DE OLIVEIRA LEMOS;2025;PODE;DEPUTADO FEDERAL;;;;;NÃO ELEITO;FEMININO;TÉCNICO DE ENFERMAGEM E ASSEMELHADOS (EXCETO ENFERMEIRO);;;MA;;
100002537306;DR.WALBER;WALBER RODRIGUES DA CRUZ;2088;PODE;DEPUTADO FEDERAL;;;;;NÃO ELEITO;MASCULINO;MÉDICO;;;MA;;
100002542575;MÁRCIO HONAISER;MARCIO JOSE HONAISER;7700;SOLIDARIEDADE;DEPUTADO FEDERAL;;;;;SUPLENTE;MASCULINO;EMPRESÁRIO;25-PRD/77-SOLIDARIEDADE;FEDERAÇÃO RENOVAÇÃO SOLIDÁRIA;MA;;
100002542574;GERIDIANE OLIVEIRA;GERIDIANE FERREIRA DE OLIVEIRA;2555;PRD;DEPUTADO FEDERAL;;;;;SUPLENTE;FEMININO;SERVIDOR PÚBLICO MUNICIPAL;25-PRD/77-SOLIDARIEDADE;FEDERAÇÃO RENOVAÇÃO SOLIDÁRIA;MA;;
100002542565;BIANCA FERRAZ;BIANCA FERRAZ TOMAZ;7766;SOLIDARIEDADE;DEPUTADO FEDERAL;;;;;SUPLENTE;FEMININO;PSICÓLOGO;25-PRD/77-SOLIDARIEDADE;FEDERAÇÃO RENOVAÇÃO SOLIDÁRIA;MA;;
100002548030;PROF PAULO COELHO;PAULO BATISTA COELHO;5033;PSOL;DEPUTADO FEDERAL;;;;;NÃO ELEITO;MASCULINO;PEDAGOGO;50-PSOL/18-REDE;FEDERAÇÃO PSOL REDE;MA;;
100002548027;THAYRES PEREIRA;THAYRES DA SILVA PEREIRA;5070;PSOL;DEPUTADO FEDERAL;;;;;NÃO ELEITO;FEMININO;EMPRESÁRIO;50-PSOL/18-REDE;FEDERAÇÃO PSOL REDE;MA;;
100002548015;EDNALDO CABEÇA;EDNALDO PADILHA;5014;PSOL;DEPUTADO FEDERAL;;;;;NÃO ELEITO;MASCULINO;SERVIDOR PÚBLICO MUNICIPAL;50-PSOL/18-REDE;FEDERAÇÃO PSOL REDE;MA;;
100002548017;PROF. ARIMATEA;JOSÉ DE ARIMATEA E SILVA;5022;PSOL;DEPUTADO FEDERAL;;;;;NÃO ELEITO;MASCULINO;PROFESSOR DE ENSINO SUPERIOR;50-PSOL/18-REDE;FEDERAÇÃO PSOL REDE;MA;;
100002548020;MAGNO GUAJAJARA;MAGNO MACHADO LIMA GUAJAJARA;5000;PSOL;DEPUTADO FEDERAL;;;;;NÃO ELEITO;MASCULINO;AGRICULTOR;50-PSOL/18-REDE;FEDERAÇÃO PSOL REDE;MA;;
100002546930;VÂNIA DO MST;GILVANIA FERREIRA DA SILVA;1333;PT;DEPUTADO FEDERAL;;;;;SUPLENTE;FEMININO;PEDAGOGO;13-PT/65-PC do B/43-PV;FEDERAÇÃO BRASIL DA ESPERANÇA - FE BRASIL;MA;;
100002537270;WOLMER ARAÚJO;WOLMER DE AZEVEDO ARAUJO;2288;PL;DEPUTADO FEDERAL;;;;;SUPLENTE;MASCULINO;ADVOGADO;;;MA;;
100002537256;FRANCISCO MELLO;FRANCISCO ALVES DE MELO;2226;PL;DEPUTADO FEDERAL;;;;;SUPLENTE;MASCULINO;TRABALHADOR DE CONSTRUÇÃO CIVIL;;;MA;;
100002544451;DR LEOBERTH;LEOBERTH SILVA ARAUJO;5566;PSD;DEPUTADO FEDERAL;;;;;NÃO ELEITO;MASCULINO;MÉDICO;;;MA;;
100002540262;ENFERMEIRO JOSE CARLOS;JOSE CARLOS COSTA ARAUJO JUNIOR;15300;MDB;DEPUTADO ESTADUAL;;;;;SUPLENTE;MASCULINO;ENFERMEIRO;;;MA;;
100002540269;VANESSA MARRECA;VANESSA ALVES DE SOUZA FILGUEIRA;15444;MDB;DEPUTADO ESTADUAL;;;;;ELEITO POR QP;FEMININO;FISIOTERAPEUTA E TERAPEUTA OCUPACIONAL;;;MA;;
100002540271;DRA NATASSIA WEBA;NATASSIA WEBA DE MACEDO;15020;MDB;DEPUTADO ESTADUAL;;;;;SUPLENTE;FEMININO;MÉDICO;;;MA;;
100002545736;SAUL NETO;SAUL BEZERRA MARTINS NETO;40400;PSB;DEPUTADO ESTADUAL;;;;;SUPLENTE;MASCULINO;ADMINISTRADOR;;;MA;;
100002545739;PROFESSOR JUSCELINO;JUSCELINO PEREIRA LIMA;40333;PSB;DEPUTADO ESTADUAL;;;;;SUPLENTE;MASCULINO;PROFESSOR DE ENSINO SUPERIOR;;;MA;;
100002545718;LUCIONE RAMALHO;LUCIONE RAMALHO MACHADO NUNES;40024;PSB;DEPUTADO ESTADUAL;;;;;SUPLENTE;FEMININO;OUTROS;;;MA;;
100002545727;CARLOS LULA;CARLOS EDUARDO DE OLIVEIRA LULA;40789;PSB;DEPUTADO ESTADUAL;;;;;SUPLENTE;MASCULINO;DEPUTADO;;;MA;;
100002554395;CELESTE ALMEIDA;CELESTE MARIA ALMEIDA;40013;PSB;DEPUTADO ESTADUAL;;;;;SUPLENTE;FEMININO;DONA DE CASA;;;MA;;
100002545738;GABY ARAÚJO;GABRIELY ARAÚJO DOS SANTOS;40100;PSB;DEPUTADO ESTADUAL;;;;;SUPLENTE;FEMININO;ODONTÓLOGO;;;MA;;
100002542592;DR. LEONARDO SÁ;LEONARDO SARMENTO PIRES DE SÁ;25678;PRD;DEPUTADO ESTADUAL;;;;;ELEITO POR QP;MASCULINO;MÉDICO;25-PRD/77-SOLIDARIEDADE;FEDERAÇÃO RENOVAÇÃO SOLIDÁRIA;MA;;
100002550526;CAETANO COSTA;CAETANO JOSE ALMEIDA DA COSTA;21000;PCB;DEPUTADO ESTADUAL;;;;;NÃO ELEITO;MASCULINO;ESTUDANTE, BOLSISTA, ESTAGIÁRIO E ASSEMELHADOS;;;MA;;
100002535489;DR. HELENA DUAILIBE;HELENA MARIA DUAILIBE FERREIRA;10369;REPUBLICANOS;DEPUTADO ESTADUAL;;;;;SUPLENTE;FEMININO;MÉDICO;;;MA;;
100002535485;ANA DO GÁS;ANA DE NAZARE PEREIRA SILVA MACEDO MENDONCA;10444;REPUBLICANOS;DEPUTADO ESTADUAL;;;;;SUPLENTE;FEMININO;DEPUTADO;;;MA;;
100002535481;FRANÇA DO MACAQUINHO;FRANCILENE PAIXÃO DE QUEIROZ;10999;REPUBLICANOS;DEPUTADO ESTADUAL;;;;;SUPLENTE;FEMININO;EMPRESÁRIO;;;MA;;
100002535488;MIQUEIAS SANTANA;MIQUEIAS DA SILVA SANTANA;10124;REPUBLICANOS;DEPUTADO ESTADUAL;;;;;SUPLENTE;MASCULINO;ESTUDANTE, BOLSISTA, ESTAGIÁRIO E ASSEMELHADOS;;;MA;;
100002537285;LEANE LAGO;LEANE LAGO CARDOSO;22233;PL;DEPUTADO ESTADUAL;;;;;SUPLENTE;FEMININO;OUTROS;;;MA;;
100002537292;JÚLIO FILHO;JULIO CESAR DE SOUZA MATOS FILHO;22122;PL;DEPUTADO ESTADUAL;;;;;SUPLENTE;MASCULINO;EMPRESÁRIO;;;MA;;
100002537290;FILIPE ARNON;FILIPE ARNON MARQUES TAVARES;22022;PL;DEPUTADO ESTADUAL;;;;;SUPLENTE;MASCULINO;CONTADOR;;;MA;;
100002537288;ENOS COSTA FERREIRA;ENOS HENRIQUE NOGUEIRA FERREIRA;22789;PL;DEPUTADO ESTADUAL;;;;;SUPLENTE;MASCULINO;ADVOGADO;;;MA;;
100002537281;BEATRIZ VIEIRA;ANA BEATRIZ DOS SANTOS VIEIRA;22220;PL;DEPUTADO ESTADUAL;;;;;SUPLENTE;FEMININO;ESTUDANTE, BOLSISTA, ESTAGIÁRIO E ASSEMELHADOS;;;MA;;
100002549207;ALAN ROCHA;ANTONIO ALAN CARDEK DE JESUS ROCHA;50033;PSOL;DEPUTADO ESTADUAL;;;;;NÃO ELEITO;MASCULINO;ASSISTENTE SOCIAL;50-PSOL/18-REDE;FEDERAÇÃO PSOL REDE;MA;;
100002549203;PEDRA CELESTINA;PEDRA CELESTINA PINHEIRO COSTA;50333;PSOL;DEPUTADO ESTADUAL;;;;;NÃO ELEITO;FEMININO;PROFESSOR DE ENSINO MÉDIO;50-PSOL/18-REDE;FEDERAÇÃO PSOL REDE;MA;;
100002549221;NALDINHO TEÓFILO;FRANCINALDO DA SILVA TEOFILO;18123;REDE;DEPUTADO ESTADUAL;;;;;NÃO ELEITO;MASCULINO;ELETRICISTA E ASSEMELHADOS;50-PSOL/18-REDE;FEDERAÇÃO PSOL REDE;MA;;
100002549191;SILVANETE REI DO GADO;MARIA SILVANETE SOUSA DAMASCENO;50456;PSOL;DEPUTADO ESTADUAL;;;;;NÃO ELEITO;FEMININO;TRABALHADOR RURAL;50-PSOL/18-REDE;FEDERAÇÃO PSOL REDE;MA;;
100002536212;WILSON LEITE;FRANCISCO WILSON LEITE DA SILVA;160;PSTU;SENADOR;;;;;NÃO ELEITO;MASCULINO;TÉCNICO EM INFORMÁTICA;;;MA;;
100002537364;CIDÔNIO GONÇALVES;CIDONIO GONCALVES DOS SANTOS;222;PL;SENADOR;;;;;NÃO ELEITO;MASCULINO;PRODUTOR AGROPECUÁRIO;;;MA;;
100002541459;ELIZIANE GAMA;ELIZIANE PEREIRA GAMA MELO;133;PT;SENADOR;;;;;NÃO ELEITO;FEMININO;SENADOR;13-PT/65-PC do B/43-PV;FEDERAÇÃO BRASIL DA ESPERANÇA - FE BRASIL;MA;;
100002545273;MARINA CABELEREIRA;BENTA MARINA FERREIRA ROCHA;13555;PT;DEPUTADO ESTADUAL;;;;;SUPLENTE;FEMININO;CABELEIREIRO E BARBEIRO;13-PT/65-PC do B/43-PV;FEDERAÇÃO BRASIL DA ESPERANÇA - FE BRASIL;MA;;
100002545268;RIBAMAR PINHEIRO;JOSE DE RIBAMAR DINIZ PINHEIRO;13131;PT;DEPUTADO ESTADUAL;;;;;SUPLENTE;MASCULINO;OUTROS;13-PT/65-PC do B/43-PV;FEDERAÇÃO BRASIL DA ESPERANÇA - FE BRASIL;MA;;
100002545277;PAULINHA MATOS;ANA PAULA AZEVEDO MATOS;13456;PT;DEPUTADO ESTADUAL;;;;;SUPLENTE;FEMININO;ADVOGADO;13-PT/65-PC do B/43-PV;FEDERAÇÃO BRASIL DA ESPERANÇA - FE BRASIL;MA;;
100002545254;ROSILENE GUAJAJARA;ROSILENE GUAJAJARA DE SOUSA;13222;PT;DEPUTADO ESTADUAL;;;;;SUPLENTE;FEMININO;OUTROS;13-PT/65-PC do B/43-PV;FEDERAÇÃO BRASIL DA ESPERANÇA - FE BRASIL;MA;;
100002545266;GILVAN ALVES;GILVAN ALVES DA SILVA;13789;PT;DEPUTADO ESTADUAL;;;;;SUPLENTE;MASCULINO;SERVIDOR PÚBLICO ESTADUAL;13-PT/65-PC do B/43-PV;FEDERAÇÃO BRASIL DA ESPERANÇA - FE BRASIL;MA;;
100002535659;JOÃO IGOR CARVALHO;JOAO IGOR VIEIRA CARVALHO;12345;PDT;DEPUTADO ESTADUAL;;;;;ELEITO POR QP;MASCULINO;MÉDICO;;;MA;;
100002550972;JUVÊNCIO FARIAS JÚNIOR;JUVÊNCIO LUSTOSA DE FARIAS JÚNIOR;70707;AVANTE;DEPUTADO ESTADUAL;;;;;NÃO ELEITO;MASCULINO;ADVOGADO;;;MA;;
100002550949;FIDEL CASTRO JUNIOR;JANIEL FERREIRA LIMA;70789;AVANTE;DEPUTADO ESTADUAL;;;;;NÃO ELEITO;MASCULINO;TRABALHADOR RURAL;;;MA;;
100002550965;THIAGO FIDELES;THIAGO HENRIQUE MONTEIRO LOBATO FIDELES;70100;AVANTE;DEPUTADO ESTADUAL;;;;;NÃO ELEITO;MASCULINO;POLICIAL MILITAR;;;MA;;
100002550963;COCOIA;ANTONIO LUIS RODRIGUES COSTA;70070;AVANTE;DEPUTADO ESTADUAL;;;;;NÃO ELEITO;MASCULINO;APOSENTADO (EXCETO SERVIDOR PÚBLICO);;;MA;;
100002542855;NATÁLIA DO JÚNIOR GARIMPEIRO;NATALIA SILVA MELO;44000;UNIÃO;DEPUTADO ESTADUAL;;;;;ELEITO POR QP;FEMININO;EMPRESÁRIO;44-UNIÃO/11-PP;FEDERAÇÃO UNIÃO PROGRESSISTA;MA;;
100002545685;PROF. FRANCISCO CUNHA;FRANCISCO DE ASSIS ALVES DA CUNHA;30030;NOVO;DEPUTADO ESTADUAL;;;;;NÃO ELEITO;MASCULINO;PROFESSOR DE ENSINO SUPERIOR;;;MA;;
100002550339;KARINA KEISI;KARINA KEISI DE SOUSA FRAGOSO;55999;PSD;DEPUTADO ESTADUAL;;;;;SUPLENTE;FEMININO;ADMINISTRADOR;;;MA;;
100002550343;WELLINGTON DO CURSO;CARLOS WELLINGTON DE CASTRO BEZERRA;55111;PSD;DEPUTADO ESTADUAL;;;;;SUPLENTE;MASCULINO;PROFESSOR E INSTRUTOR DE FORMAÇÃO PROFISSIONAL;;;MA;;
100002536211;OSMAR FILHO;OSMAR WALCACER DE OLIVEIRA FILHO;160;PSTU;2º SUPLENTE;;;;;NÃO ELEITO;MASCULINO;AGENTE DE VIAGEM;;;MA;;
100002554405;ROSE CASTRO;ROSE ALMEIDA DE CASTRO;2707;DC;DEPUTADO FEDERAL;;;;;NÃO ELEITO;FEMININO;DONA DE CASA;;;MA;;
100002542874;DR. ZÉ FRANCISCO;JOSE FRANCISCO LIMA NERES;4480;UNIÃO;DEPUTADO FEDERAL;;;;;;MASCULINO;MÉDICO;44-UNIÃO/11-PP;FEDERAÇÃO UNIÃO PROGRESSISTA;MA;;
100002550740;PROFA BELFORTT;MARIA DA CONCEICAO RODRIGUES BELFORT;7085;AVANTE;DEPUTADO FEDERAL;;;;;;FEMININO;PEDAGOGO;;;MA;;
100002552700;DIMAS CASSIMIRO;DIMAS CASSIMIRO DO NASCIMENTO;29;PCO;GOVERNADOR;;;;;NÃO ELEITO;MASCULINO;PROFESSOR DE ENSINO SUPERIOR;;;MA;;
100002543869;ORLEANS BRANDÃO;CARLOS ORLEANS BRAIDE BRANDÃO;15;MDB;GOVERNADOR;;;;;NÃO ELEITO;MASCULINO;ADMINISTRADOR;;;MA;;
100002536097;LARISSA DP;LARISSA DA SILVA TORRES DA COSTA;1555;MDB;DEPUTADO FEDERAL;;;;;ELEITO POR QP;FEMININO;ADVOGADO;;;MA;;
100002536096;KARLA SARNEY;KARLA DA COSTA BASTOS;1557;MDB;DEPUTADO FEDERAL;;;;;SUPLENTE;FEMININO;ADVOGADO;;;MA;;
100002551520;SUBTENENTE MAGNO CÉSAR;MAGNO CESAR COSTA LEITE;1594;MDB;DEPUTADO FEDERAL;;;;;SUPLENTE;MASCULINO;BOMBEIRO MILITAR;;;MA;;
100002542883;ALLAN GARCES;ALLAN QUADROS GARCES;1122;PP;DEPUTADO FEDERAL;;;;;SUPLENTE;MASCULINO;MÉDICO;44-UNIÃO/11-PP;FEDERAÇÃO UNIÃO PROGRESSISTA;MA;;
100002535240;CIRINEU COSTA;CIRINEU RODRIGUES COSTA;1230;PDT;DEPUTADO FEDERAL;;;;;SUPLENTE;MASCULINO;PECUARISTA;;;MA;;
100002551359;MARIA DA FITA;MARIA DE RIBAMAR FARIAS;1221;PDT;DEPUTADO FEDERAL;;;;;SUPLENTE;FEMININO;APOSENTADO (EXCETO SERVIDOR PÚBLICO);;;MA;;
100002548247;COLETIVO LIDERA MULHER;ANA CATHARINE MELO SEKEFF;4566;PSDB;DEPUTADO FEDERAL;;;;;SUPLENTE;FEMININO;PROFESSOR DE ENSINO FUNDAMENTAL;45-PSDB/23-CIDADANIA;FEDERAÇÃO PSDB CIDADANIA;MA;;
100002548249;RICARDO DO AGRO;RICARDO DA SILVA GONCALVES;2322;CIDADANIA;DEPUTADO FEDERAL;;;;;SUPLENTE;MASCULINO;PRODUTOR AGROPECUÁRIO;45-PSDB/23-CIDADANIA;FEDERAÇÃO PSDB CIDADANIA;MA;;
100002548234;DR ERIK;ERIK AUGUSTO COSTA E SILVA;4545;PSDB;DEPUTADO FEDERAL;;;;;SUPLENTE;MASCULINO;MÉDICO;45-PSDB/23-CIDADANIA;FEDERAÇÃO PSDB CIDADANIA;MA;;
100002548240;ELIETE SERRA;ELIETE SILVA SERRA;4522;PSDB;DEPUTADO FEDERAL;;;;;SUPLENTE;FEMININO;OUTROS;45-PSDB/23-CIDADANIA;FEDERAÇÃO PSDB CIDADANIA;MA;;
100002535218;PEDRO BELO;PEDRO FERREIRA OLIVEIRA;1033;REPUBLICANOS;DEPUTADO FEDERAL;;;;;SUPLENTE;MASCULINO;EMPRESÁRIO;;;MA;;
100002535226;PROFESSORA ROSANGELA;ROSANGELA DE FATIMA CUTRIM SOUSA;1088;REPUBLICANOS;DEPUTADO FEDERAL;;;;;SUPLENTE;FEMININO;PEDAGOGO;;;MA;;
100002535224;SARGENTO JHOY;JONATHAN HENRIQUE CORREA RODRIGUES;1007;REPUBLICANOS;DEPUTADO FEDERAL;;;;;SUPLENTE;MASCULINO;POLICIAL MILITAR;;;MA;;
100002535219;KARLINE RIBEIRO;KARLINE DA SILVA RIBEIRO;1055;REPUBLICANOS;DEPUTADO FEDERAL;;;;;SUPLENTE;FEMININO;EMPRESÁRIO;;;MA;;
100002550730;ALEX MOTTA;FRANCISCO ALEX RICARDO DOS SANTOS;7020;AVANTE;DEPUTADO FEDERAL;;;;;NÃO ELEITO;MASCULINO;AGRICULTOR;;;MA;;
100002550735;RAFAEL DA JUVENTUDE;FRANCISCO DE ASSIS GAMA;7025;AVANTE;DEPUTADO FEDERAL;;;;;NÃO ELEITO;MASCULINO;EMPRESÁRIO;;;MA;;
100002550746;DUARTE JR;HILDELIS SILVA DUARTE JUNIOR;7070;AVANTE;DEPUTADO FEDERAL;;;;;NÃO ELEITO;MASCULINO;DEPUTADO;;;MA;;
100002550737;PRETA LU MARANHÃO;LUCIANA MARTINS COELHO;7051;AVANTE;DEPUTADO FEDERAL;;;;;NÃO ELEITO;FEMININO;ESTUDANTE, BOLSISTA, ESTAGIÁRIO E ASSEMELHADOS;;;MA;;
100002538702;MARINA - COLETIVO DAS PRETAS;MARINA MARTINS COSTA;1616;PSTU;DEPUTADO FEDERAL;;;;;NÃO ELEITO;FEMININO;PROFESSOR DE ENSINO FUNDAMENTAL;;;MA;;
100002545705;CLIDENOR GUIMARÃES;CLIDENOR RODRIGUES GUIMARAES FILHO;3017;NOVO;DEPUTADO FEDERAL;;;;;NÃO ELEITO;MASCULINO;PUBLICITÁRIO;;;MA;;
100002545716;ALBA REJANE;ALBA REJANE MARTINS BORGES;3000;NOVO;DEPUTADO FEDERAL;;;;;NÃO ELEITO;FEMININO;EMPRESÁRIO;;;MA;;
100002537307;IGOR PAIVA;IGOR FERNANDO SANTOS PINHEIRO;2050;PODE;DEPUTADO FEDERAL;;;;;NÃO ELEITO;MASCULINO;EMPRESÁRIO;;;MA;;
100002537310;MELK;MELCHIZEDEC OLIVEIRA SANTOS PAIVA;2099;PODE;DEPUTADO FEDERAL;;;;;NÃO ELEITO;MASCULINO;SERVIDOR PÚBLICO FEDERAL;;;MA;;
100002542569;CHAGAS UNIÃO BOMBEIROS EM AÇÃO;RAIMUNDO NONATO DAS CHAGAS RIBEIRO SILVA;7793;SOLIDARIEDADE;DEPUTADO FEDERAL;;;;;SUPLENTE;MASCULINO;BOMBEIRO MILITAR;25-PRD/77-SOLIDARIEDADE;FEDERAÇÃO RENOVAÇÃO SOLIDÁRIA;MA;;
100002548029;JOSÉ ARMANDO;JOSE ARMANDO DA SILVA E SILVA;5090;PSOL;DEPUTADO FEDERAL;;;;;NÃO ELEITO;MASCULINO;OUTROS;50-PSOL/18-REDE;FEDERAÇÃO PSOL REDE;MA;;
100002546933;COMPANHEIRA LINDALVA;LINDALVA SERRA BARROS;6500;PCDOB;DEPUTADO FEDERAL;;;;;SUPLENTE;FEMININO;APOSENTADO (EXCETO SERVIDOR PÚBLICO);13-PT/65-PC do B/43-PV;FEDERAÇÃO BRASIL DA ESPERANÇA - FE BRASIL;MA;;
100002546927;MÁRCIO JERRY;MARCIO JERRY SARAIVA BARROSO;6513;PCDOB;DEPUTADO FEDERAL;;;;;ELEITO POR MÉDIA;MASCULINO;DEPUTADO;13-PT/65-PC do B/43-PV;FEDERAÇÃO BRASIL DA ESPERANÇA - FE BRASIL;MA;;
100002546921;BIRA DO PINDARÉ;UBIRAJARA DO PINDARE ALMEIDA SOUSA;1311;PT;DEPUTADO FEDERAL;;;;;SUPLENTE;MASCULINO;BANCÁRIO E ECONOMIÁRIO;13-PT/65-PC do B/43-PV;FEDERAÇÃO BRASIL DA ESPERANÇA - FE BRASIL;MA;;
100002546937;WASHINGTON RIO BRANCO;WASHINGTON LUIS CAMPOS RIO BRANCO;4343;PV;DEPUTADO FEDERAL;;;;;SUPLENTE;MASCULINO;PROFESSOR DE ENSINO SUPERIOR;13-PT/65-PC do B/43-PV;FEDERAÇÃO BRASIL DA ESPERANÇA - FE BRASIL;MA;;
100002540266;OSMAR FILHO;OSMAR GOMES DOS SANTOS FILHO;15015;MDB;DEPUTADO ESTADUAL;;;;;SUPLENTE;MASCULINO;DEPUTADO;;;MA;;
100002540268;NAGIB;FRANCISCO NAGIB BUZAR DE OLIVEIRA;15151;MDB;DEPUTADO ESTADUAL;;;;;ELEITO POR QP;MASCULINO;DEPUTADO;;;MA;;
100002551483;CABO SAMANTHA COLETIVO DELAS;SAMANTHA DE CASSIA FERNANDES DE CASTRO;15180;MDB;DEPUTADO ESTADUAL;;;;;SUPLENTE;FEMININO;SERVIDOR PÚBLICO ESTADUAL;;;MA;;
100002545720;JOANEIDE DO SINDICATO;JOANA NUNES PINHEIRO;40122;PSB;DEPUTADO ESTADUAL;;;;;SUPLENTE;FEMININO;AGRICULTOR;;;MA;;
100002545737;JULIO MENDONÇA;JULIO CESAR MENDONCA CORREA;40777;PSB;DEPUTADO ESTADUAL;;;;;SUPLENTE;MASCULINO;VETERINÁRIO;;;MA;;
100002542586;EVANDRO LOBO JÚNIOR;EVANDRO VIANA LOBO JUNIOR;25555;PRD;DEPUTADO ESTADUAL;;;;;SUPLENTE;MASCULINO;OUTROS;25-PRD/77-SOLIDARIEDADE;FEDERAÇÃO RENOVAÇÃO SOLIDÁRIA;MA;;
100002551519;PINTO ITAMARATY;JOSÉ ELEONILDO SOARES;25000;PRD;DEPUTADO ESTADUAL;;;;;SUPLENTE;MASCULINO;EMPRESÁRIO;25-PRD/77-SOLIDARIEDADE;FEDERAÇÃO RENOVAÇÃO SOLIDÁRIA;MA;;
100002542593;SIMONE BOMBARDI;SIMONE ELI BOMBARDI;25182;PRD;DEPUTADO ESTADUAL;;;;;SUPLENTE;FEMININO;DONA DE CASA;25-PRD/77-SOLIDARIEDADE;FEDERAÇÃO RENOVAÇÃO SOLIDÁRIA;MA;;
100002542583;MARIA ALVEZ;MARIA JOSÉ ALVES BEZERRA;25013;PRD;DEPUTADO ESTADUAL;;;;;SUPLENTE;FEMININO;TRABALHADOR RURAL;25-PRD/77-SOLIDARIEDADE;FEDERAÇÃO RENOVAÇÃO SOLIDÁRIA;MA;;
100002542589;CHANTER LANE;CHANTER LANE PEREIRA DE ALMEIDA;77123;SOLIDARIEDADE;DEPUTADO ESTADUAL;;;;;SUPLENTE;MASCULINO;ENGENHEIRO;25-PRD/77-SOLIDARIEDADE;FEDERAÇÃO RENOVAÇÃO SOLIDÁRIA;MA;;
100002535492;ADELMO SOARES;ADELMO DE ANDRADE SOARES;10555;REPUBLICANOS;DEPUTADO ESTADUAL;;;;;SUPLENTE;MASCULINO;ODONTÓLOGO;;;MA;;
100002535476;ERIC COSTA;WELLRYK OLIVEIRA COSTA DA SILVA;10800;REPUBLICANOS;DEPUTADO ESTADUAL;;;;;ELEITO POR QP;MASCULINO;ADVOGADO;;;MA;;
100002537294;MARANHÃO DE PEA;PEDRO DE CASTRO SILVA;22217;PL;DEPUTADO ESTADUAL;;;;;SUPLENTE;MASCULINO;OUTROS;;;MA;;
100002537296;DIEGO POLAKO;DIEGO PEREIRA DA SILVA;22244;PL;DEPUTADO ESTADUAL;;;;;SUPLENTE;MASCULINO;MECÂNICO DE MANUTENÇÃO;;;MA;;
100002537291;JOSIMAR;JOSIMAR CUNHA RODRIGUES JÚNIOR;22222;PL;DEPUTADO ESTADUAL;;;;;ELEITO POR QP;MASCULINO;PECUARISTA;;;MA;;
100002549206;JULYANA CABRAL;JULYANA CABRAL ARAÚJO;18018;REDE;DEPUTADO ESTADUAL;;;;;NÃO ELEITO;FEMININO;PROFESSOR DE ENSINO FUNDAMENTAL;50-PSOL/18-REDE;FEDERAÇÃO PSOL REDE;MA;;
100002549192;BENTO LEITE;RAIMUNDO BENTO MORENO LEITE;18013;REDE;DEPUTADO ESTADUAL;;;;;NÃO ELEITO;MASCULINO;JORNALISTA E REDATOR;50-PSOL/18-REDE;FEDERAÇÃO PSOL REDE;MA;;
100002549216;MARCIA CONTADORA;NUBIA MARCIA PEREIRA DA CONCEICAO;50777;PSOL;DEPUTADO ESTADUAL;;;;;NÃO ELEITO;FEMININO;CONTADOR;50-PSOL/18-REDE;FEDERAÇÃO PSOL REDE;MA;;
100002549196;NERIVALDO MACHADO MONTEIRO;NERIVALDO DE JESUS MACHADO MONTEIRO;50131;PSOL;DEPUTADO ESTADUAL;;;;;NÃO ELEITO;MASCULINO;OUTROS;50-PSOL/18-REDE;FEDERAÇÃO PSOL REDE;MA;;
100002549195;MÁRCIA;ROSIMAR LIMA COELHO;50005;PSOL;DEPUTADO ESTADUAL;;;;;NÃO ELEITO;FEMININO;PROFESSOR DE ENSINO FUNDAMENTAL;50-PSOL/18-REDE;FEDERAÇÃO PSOL REDE;MA;;
100002545251;WHASHINGTHON LUIZ;WASHINGTHON LUIZ DE FREITAS;13121;PT;DEPUTADO ESTADUAL;;;;;SUPLENTE;MASCULINO;EMPRESÁRIO;13-PT/65-PC do B/43-PV;FEDERAÇÃO BRASIL DA ESPERANÇA - FE BRASIL;MA;;
100002545252;ZÉ INÁCIO;JOSE INACIO SODRE RODRIGUES;13123;PT;DEPUTADO ESTADUAL;;;;;SUPLENTE;MASCULINO;ADVOGADO;13-PT/65-PC do B/43-PV;FEDERAÇÃO BRASIL DA ESPERANÇA - FE BRASIL;MA;;
100002535657;MARLEIDY BERNABÉ;MARLEIDY DO NASCIMENTO BERNABE;12222;PDT;DEPUTADO ESTADUAL;;;;;SUPLENTE;FEMININO;OUTROS;;;MA;;
100002550974;PASTOR BERG;JOSENBERG FERREIRA DE OLIVEIRA RAMOS;70232;AVANTE;DEPUTADO ESTADUAL;;;;;NÃO ELEITO;MASCULINO;PESCADOR;;;MA;;
100002542859;HELLEN MARAVILHA;HELLEN NUCE COSTA CERVEIRA;44555;UNIÃO;DEPUTADO ESTADUAL;;;;;SUPLENTE;FEMININO;POLICIAL CIVIL;44-UNIÃO/11-PP;FEDERAÇÃO UNIÃO PROGRESSISTA;MA;;
100002542863;DELEGADO JESSÉ;JESSE DA ROCHA SOARES;44111;UNIÃO;DEPUTADO ESTADUAL;;;;;SUPLENTE;MASCULINO;POLICIAL CIVIL;44-UNIÃO/11-PP;FEDERAÇÃO UNIÃO PROGRESSISTA;MA;;
100002542862;RENÊ SOUSA;MARCIO RENE GOMES DE SOUSA;44044;UNIÃO;DEPUTADO ESTADUAL;;;;;SUPLENTE;MASCULINO;COMERCIANTE;44-UNIÃO/11-PP;FEDERAÇÃO UNIÃO PROGRESSISTA;MA;;
100002545681;AMARO TACOBRAS;ANTÔNIO AMARO TORRES;30444;NOVO;DEPUTADO ESTADUAL;;;;;NÃO ELEITO;MASCULINO;EMPRESÁRIO;;;MA;;
100002550323;DELEGADO CESAR FERRO;JANIO CESAR FERRO VILELA;55789;PSD;DEPUTADO ESTADUAL;;;;;SUPLENTE;MASCULINO;POLICIAL CIVIL;;;MA;;
100002550326;RICARDO SEIDEL;RICARDO SEIDEL GUIMARAES;55123;PSD;DEPUTADO ESTADUAL;;;;;SUPLENTE;MASCULINO;VEREADOR;;;MA;;
100002550335;DINO DO ALDENORA BELO;ANTONIO DINO TAVARES;55444;PSD;DEPUTADO ESTADUAL;;;;;ELEITO POR QP;MASCULINO;OUTROS;;;MA;;
100002550328;JERFESON YANN;JERFESON YANN DA SILVA SOUSA;55955;PSD;DEPUTADO ESTADUAL;;;;;SUPLENTE;MASCULINO;EMPRESÁRIO;;;MA;;
100002536213;BETO BELO;ANTONIO ROBERTO DOS SANTOS;160;PSTU;1º SUPLENTE;;;;;NÃO ELEITO;MASCULINO;DESENHISTA;;;MA;;
100002537337;ALDERICO CAMPOS;ALDERICO JEFFERSON ABREU DA SILVA CAMPOS;123;PDT;1º SUPLENTE;;;;;NÃO ELEITO;MASCULINO;EMPRESÁRIO;;;MA;;
100002548012;FRANCISCANO SOARES;FRANCISCO SANTOS SOARES;300;PSD;2º SUPLENTE;;;;;ELEITO;MASCULINO;PECUARISTA;;;MA;;
100002554412;ELIZABETH SOUSA;ELIZABETH CORREA SOUSA;500;PSOL;2º SUPLENTE;;;;;NÃO ELEITO;FEMININO;APOSENTADO (EXCETO SERVIDOR PÚBLICO);50-PSOL/18-REDE;FEDERAÇÃO PSOL REDE;MA;;
100002543870;EDIVALDO HOLANDA JUNIOR;EDIVALDO DE HOLANDA BRAGA JUNIOR;15;REPUBLICANOS;VICE-GOVERNADOR;;;;;NÃO ELEITO;MASCULINO;ADVOGADO;;;MA;;
100002554354;GATO FELIX;FELIX LIMA E SILVA;21;PCB;VICE-GOVERNADOR;;;;;NÃO ELEITO;MASCULINO;TRABALHADOR DE CONSTRUÇÃO CIVIL;;;MA;;
100002551399;ROBERTO ROCHA;ROBERTO COELHO ROCHA;28;PRTB;GOVERNADOR;;;;;NÃO ELEITO;MASCULINO;EMPRESÁRIO;;;MA;;
100002536095;VALESKA FURTADO;JEFFERSON TEIXEIRA FURTADO;1524;MDB;DEPUTADO FEDERAL;;;;;SUPLENTE;MASCULINO;ALFAIATE E COSTUREIRO;;;MA;;
100002551392;FATIMA MARIA;FATIMA MARIA DO NASCIMENTO E SILVA;3302;MOBILIZA;DEPUTADO FEDERAL;;;;;NÃO ELEITO;FEMININO;ESTUDANTE, BOLSISTA, ESTAGIÁRIO E ASSEMELHADOS;;;MA;;
100002535247;ERIKA PALLEY;ÉRIKA LOBATO OLIVEIRA PALLEY;1222;PDT;DEPUTADO FEDERAL;;;;;SUPLENTE;FEMININO;ADVOGADO;;;MA;;
100002535241;RAIMUNDO OLIVEIRA;RAIMUNDO NONATO COSTA OLIVEIRA;1236;PDT;DEPUTADO FEDERAL;;;;;SUPLENTE;MASCULINO;PROFESSOR DE ENSINO MÉDIO;;;MA;;
100002535248;NITERRAN;NITERRAN SOARES DE LIMA;1235;PDT;DEPUTADO FEDERAL;;;;;SUPLENTE;MASCULINO;OUTROS;;;MA;;
100002535237;JÚNIOR MORAES;EDILSON CARLOS MARTINS DE OLIVEIRA JUNIOR;1211;PDT;DEPUTADO FEDERAL;;;;;SUPLENTE;MASCULINO;AGENTE DE SAÚDE E SANITARISTA;;;MA;;
100002537327;DARLESSON COSTA;DARLESSON COSTA;1435;MISSÃO;DEPUTADO FEDERAL;;;;;NÃO ELEITO;MASCULINO;MOTORISTA PARTICULAR;;;MA;;
100002541470;ENFERMEIRA ANA PAULA;ANA PAULA FROES SOARES;4030;PSB;DEPUTADO FEDERAL;;;;;NÃO ELEITO;FEMININO;ENFERMEIRO;;;MA;;
100002541472;MARCELO POETA;MARCELO ASSAD DOS SANTOS;4004;PSB;DEPUTADO FEDERAL;;;;;NÃO ELEITO;MASCULINO;VEREADOR;;;MA;;
100002548248;JOEL DO CHURRASCO;JOELISON REIS;4500;PSDB;DEPUTADO FEDERAL;;;;;SUPLENTE;MASCULINO;EMPRESÁRIO;45-PSDB/23-CIDADANIA;FEDERAÇÃO PSDB CIDADANIA;MA;;
100002535230;ALUISIO MENDES;ALUISIO GUIMARAES MENDES FILHO;1010;REPUBLICANOS;DEPUTADO FEDERAL;;;;;ELEITO POR MÉDIA;MASCULINO;DEPUTADO;;;MA;;
100002535225;ARMANDO COSTA;LUIZ ARMANDO MADEIRA COSTA;1027;REPUBLICANOS;DEPUTADO FEDERAL;;;;;SUPLENTE;MASCULINO;APOSENTADO (EXCETO SERVIDOR PÚBLICO);;;MA;;
100002554114;DRA. ANTONILDES MOTA;ANTONILDES MEDEIROS MOTA GOMES;7071;AVANTE;DEPUTADO FEDERAL;;;;;NÃO ELEITO;FEMININO;ODONTÓLOGO;;;MA;;
100002550743;NOGUEIRA PROTETOR;JOSE NOGUEIRA FILHO;7010;AVANTE;DEPUTADO FEDERAL;;;;;NÃO ELEITO;MASCULINO;TÉCNICO DE ELETRICIDADE, ELETRÔNICA E TELECOMUNICAÇÕES;;;MA;;
100002553417;HAMURABI;HAMURABI SIMPLICIO CUTRIM DA SILVA;2799;DC;DEPUTADO FEDERAL;;;;;NÃO ELEITO;MASCULINO;SUPERVISOR, INSPETOR E AGENTE DE COMPRAS E VENDAS;;;MA;;
100002545709;CANTANHÊDE;VALTER ELOI CANTANHEDE JUNIOR;3055;NOVO;DEPUTADO FEDERAL;;;;;NÃO ELEITO;MASCULINO;CORRETOR DE IMÓVEIS, SEGUROS, TÍTULOS E VALORES;;;MA;;
100002537301;SONIA CAMPOS;MARIA SONIA OLIVEIRA CAMPOS;2026;PODE;DEPUTADO FEDERAL;;;;;NÃO ELEITO;FEMININO;PROFESSOR DE ENSINO FUNDAMENTAL;;;MA;;
100002537317;MARCIO COELHO;MARCIO BOTELHO MELO COELHO;2002;PODE;DEPUTADO FEDERAL;;;;;NÃO ELEITO;MASCULINO;EMPRESÁRIO;;;MA;;
100002548026;ALUÍZIO MELO;ALUIZIO BARROSO DE MELO;5016;PSOL;DEPUTADO FEDERAL;;;;;NÃO ELEITO;MASCULINO;OUTROS;50-PSOL/18-REDE;FEDERAÇÃO PSOL REDE;MA;;
100002548024;HENRIQUE;JOSE HENRIQUE IZAIAS MATOS;1800;REDE;DEPUTADO FEDERAL;;;;;NÃO ELEITO;MASCULINO;ESTUDANTE, BOLSISTA, ESTAGIÁRIO E ASSEMELHADOS;50-PSOL/18-REDE;FEDERAÇÃO PSOL REDE;MA;;
100002546928;AUGUSTO LOBATO;AUGUSTO CESAR BASTOS LOBATO;1331;PT;DEPUTADO FEDERAL;;;;;SUPLENTE;MASCULINO;CORRETOR DE IMÓVEIS, SEGUROS, TÍTULOS E VALORES;13-PT/65-PC do B/43-PV;FEDERAÇÃO BRASIL DA ESPERANÇA - FE BRASIL;MA;;
100002537265;PAULO MARINHO JR;PAULO CELSO FONSECA MARINHO JUNIOR;2255;PL;DEPUTADO FEDERAL;;;;;SUPLENTE;MASCULINO;ADMINISTRADOR;;;MA;;
100002537264;SILVIO ANTÔNIO;SILVIO ANTONIO GUIMARAES MACHADO;2228;PL;DEPUTADO FEDERAL;;;;;SUPLENTE;MASCULINO;ADMINISTRADOR;;;MA;;
100002537271;ALDIR JUNIOR;ALDIR CUNHA RODRIGUES JUNIOR;2233;PL;DEPUTADO FEDERAL;;;;;ELEITO POR QP;MASCULINO;VEREADOR;;;MA;;
100002537269;EDUARDO ANDRADE;EDUARDO BEZERRA ANDRADE;2299;PL;DEPUTADO FEDERAL;;;;;SUPLENTE;MASCULINO;EMPRESÁRIO;;;MA;;
100002537268;PROF. EVA EDUCADORES  COLETIVO;EVA ALVES DE MORAIS BARROS;2220;PL;DEPUTADO FEDERAL;;;;;SUPLENTE;FEMININO;PROFESSOR DE ENSINO MÉDIO;;;MA;;
100002537273;HENRIQUE JUNIOR;HENRIQUE CESAR FERREIRA DE MELO LIMA JUNIOR;2225;PL;DEPUTADO FEDERAL;;;;;SUPLENTE;MASCULINO;ADMINISTRADOR;;;MA;;
100002544449;JUCIANE MARQUES;JUCIANE MARQUES FERNANDES;5599;PSD;DEPUTADO FEDERAL;;;;;NÃO ELEITO;FEMININO;OUTROS;;;MA;;
100002544445;FOGUINHO MIDIA;JULIO RIBEIRO VIANA;5512;PSD;DEPUTADO FEDERAL;;;;;NÃO ELEITO;MASCULINO;TRABALHADOR RURAL;;;MA;;
100002540276;YURI ARRUDA;YURI ARRUDA MILHOMEM;15777;MDB;DEPUTADO ESTADUAL;;;;;SUPLENTE;MASCULINO;ENGENHEIRO;;;MA;;
100002540282;JUNIOR VIANA;JOSE DE RIBAMAR CASTRO VIANA JUNIOR;15321;MDB;DEPUTADO ESTADUAL;;;;;ELEITO POR MÉDIA;MASCULINO;OUTROS;;;MA;;
100002540273;FLORENCIO NETO;RAIMUNDO FLORENCIO MONTEIRO NETO;15222;MDB;DEPUTADO ESTADUAL;;;;;ELEITO POR QP;MASCULINO;DEPUTADO;;;MA;;
100002540258;CLAUDIA COUTINHO;CLAUDIA FABIANA VIEIRA SILVA;15100;MDB;DEPUTADO ESTADUAL;;;;;ELEITO POR MÉDIA;FEMININO;ENFERMEIRO;;;MA;;
100002540280;GLEYDSON;GLEYDSON RESENDE DA SILVA;15700;MDB;DEPUTADO ESTADUAL;;;;;ELEITO POR QP;MASCULINO;PRODUTOR AGROPECUÁRIO;;;MA;;
100002545731;RODRIGO LAGO;RODRIGO PIRES FERREIRA LAGO;40222;PSB;DEPUTADO ESTADUAL;;;;;SUPLENTE;MASCULINO;DEPUTADO;;;MA;;
100002545732;POPYS DO POVO;ITALO MARCIO BATALHA DE OLIVEIRA;40666;PSB;DEPUTADO ESTADUAL;;;;;SUPLENTE;MASCULINO;ENFERMEIRO;;;MA;;
100002554469;A JAPA DO ARROCHA;LILIAN LOPES LIMA;25777;PRD;DEPUTADO ESTADUAL;;;;;SUPLENTE;FEMININO;FISIOTERAPEUTA E TERAPEUTA OCUPACIONAL;25-PRD/77-SOLIDARIEDADE;FEDERAÇÃO RENOVAÇÃO SOLIDÁRIA;MA;;
100002542577;MARCOS CALDAS COLETIVO +;MARCOS ANTONIO DE CARVALHO CALDAS;25456;PRD;DEPUTADO ESTADUAL;;;;;SUPLENTE;MASCULINO;EMPRESÁRIO;25-PRD/77-SOLIDARIEDADE;FEDERAÇÃO RENOVAÇÃO SOLIDÁRIA;MA;;
100002542594;LORENA AMORIM;LORENA AMORIM BATISTA;25520;PRD;DEPUTADO ESTADUAL;;;;;SUPLENTE;FEMININO;JORNALISTA E REDATOR;25-PRD/77-SOLIDARIEDADE;FEDERAÇÃO RENOVAÇÃO SOLIDÁRIA;MA;;
100002535479;DEPUTADA JANAINA;JANAINA LIMA ARAUJO;10789;REPUBLICANOS;DEPUTADO ESTADUAL;;;;;SUPLENTE;FEMININO;NUTRICIONISTA E ASSEMELHADOS;;;MA;;
100002535490;ANDRÉ CAMPOS;MARCO ANDRE CAMPOS DA SILVA;10345;REPUBLICANOS;DEPUTADO ESTADUAL;;;;;ELEITO POR QP;MASCULINO;VEREADOR;;;MA;;
100002537287;SEGUNDO;JOÃO BATISTA GONÇALVES DE CASTRO SEGUNDO;22000;PL;DEPUTADO ESTADUAL;;;;;ELEITO POR QP;MASCULINO;EMPRESÁRIO;;;MA;;
100002537286;SOLANGE ALMEIDA;SOLANGE DE ARAÚJO SOUSA;22345;PL;DEPUTADO ESTADUAL;;;;;ELEITO POR QP;FEMININO;EMPRESÁRIO;;;MA;;
100002549197;SARA FONTINELE;SARA VITORIA DE SOUSA FONTINELE;50180;PSOL;DEPUTADO ESTADUAL;;;;;NÃO ELEITO;FEMININO;ESTUDANTE, BOLSISTA, ESTAGIÁRIO E ASSEMELHADOS;50-PSOL/18-REDE;FEDERAÇÃO PSOL REDE;MA;;
100002549200;ROMEU PINTO;ROMEU PINTO;50555;PSOL;DEPUTADO ESTADUAL;;;;;NÃO ELEITO;MASCULINO;TRABALHADOR RURAL;50-PSOL/18-REDE;FEDERAÇÃO PSOL REDE;MA;;
100002549205;CHRIS DO PRIMAVERA;CRISTYANE SOUSA SILVA;50205;PSOL;DEPUTADO ESTADUAL;;;;;NÃO ELEITO;FEMININO;OUTROS;50-PSOL/18-REDE;FEDERAÇÃO PSOL REDE;MA;;
100002549212;PROF. LISBOA TOTE;ANTONIO LISBÔA DE CARVALHO FILHO;50080;PSOL;DEPUTADO ESTADUAL;;;;;NÃO ELEITO;MASCULINO;BANCÁRIO E ECONOMIÁRIO;50-PSOL/18-REDE;FEDERAÇÃO PSOL REDE;MA;;
100002549202;MAGUINO CUTRIM;JOSE MAGUINO CUTRIM;50888;PSOL;DEPUTADO ESTADUAL;;;;;NÃO ELEITO;MASCULINO;COBRADOR DE TRANSPORTE COLETIVO;50-PSOL/18-REDE;FEDERAÇÃO PSOL REDE;MA;;
100002549583;ROSEANA SARNEY;ROSEANA SARNEY MURAD;151;MDB;SENADOR;;;;;NÃO ELEITO;FEMININO;DEPUTADO;;;MA;;
100002548853;ENILTON RODRIGUES;ENILTON SILVA RODRIGUES;500;PSOL;SENADOR;;;;;NÃO ELEITO;MASCULINO;ENGENHEIRO;50-PSOL/18-REDE;FEDERAÇÃO PSOL REDE;MA;;
100002549219;PROFESSOR SIKEIRA;JOSE FRANCISCO SIQUEIRA MACHADO;50012;PSOL;DEPUTADO ESTADUAL;;;;;NÃO ELEITO;MASCULINO;TRABALHADOR RURAL;50-PSOL/18-REDE;FEDERAÇÃO PSOL REDE;MA;;
100002545270;LUANNA;LUANNA MARTINS BRINGEL REZENDE ALVES;13013;PT;DEPUTADO ESTADUAL;;;;;ELEITO POR QP;FEMININO;MÉDICO;13-PT/65-PC do B/43-PV;FEDERAÇÃO BRASIL DA ESPERANÇA - FE BRASIL;MA;;
100002545272;JHONATA PINHEIRO;JHONATA VALBER GASPAR PINHEIRO;13233;PT;DEPUTADO ESTADUAL;;;;;SUPLENTE;MASCULINO;VIGILANTE;13-PT/65-PC do B/43-PV;FEDERAÇÃO BRASIL DA ESPERANÇA - FE BRASIL;MA;;
100002535650;MAEDJA CAMPOS;LEILIAN MAEDJA FERRO CAMPOS;12000;PDT;DEPUTADO ESTADUAL;;;;;ELEITO POR QP;FEMININO;JORNALISTA E REDATOR;;;MA;;
100002535656;JOÃO SEBASTIÃO;JOAO SEBASTIAO SOUSA;12133;PDT;DEPUTADO ESTADUAL;;;;;SUPLENTE;MASCULINO;SERVIDOR PÚBLICO ESTADUAL;;;MA;;
100002535655;AMORIM DO POVO;GERCEANDERSON AMORIM;12789;PDT;DEPUTADO ESTADUAL;;;;;SUPLENTE;MASCULINO;SERVIDOR PÚBLICO ESTADUAL;;;MA;;
100002550973;ZÉ ANTONIO;JOSE ANTONIO CAMPOS;70654;AVANTE;DEPUTADO ESTADUAL;;;;;NÃO ELEITO;MASCULINO;ENGENHEIRO;;;MA;;
100002542854;DR. CLÁUDIO PAZ;CLAUDIO FERREIRA PAZ;44123;UNIÃO;DEPUTADO ESTADUAL;;;;;SUPLENTE;MASCULINO;MÉDICO;44-UNIÃO/11-PP;FEDERAÇÃO UNIÃO PROGRESSISTA;MA;;
100002553400;PASTOR ALDO;ROSSIALDO MENDONCA MENDES;11222;PP;DEPUTADO ESTADUAL;;;;;SUPLENTE;MASCULINO;OUTROS;44-UNIÃO/11-PP;FEDERAÇÃO UNIÃO PROGRESSISTA;MA;;
100002552701;JOÃO BASTOS;JOAO BASTOS PINHEIRO;44440;UNIÃO;DEPUTADO ESTADUAL;;;;;SUPLENTE;MASCULINO;COMERCIÁRIO;44-UNIÃO/11-PP;FEDERAÇÃO UNIÃO PROGRESSISTA;MA;;
100002545687;ELIZABETE AFONSO;ELIZABETE DE MORAIS AFONSO;30567;NOVO;DEPUTADO ESTADUAL;;;;;NÃO ELEITO;FEMININO;DONA DE CASA;;;MA;;
100002545691;PASTORA SILVANA RIBEIRO;MARIA SILVANA DA SILVA RIBEIRO;30456;NOVO;DEPUTADO ESTADUAL;;;;;NÃO ELEITO;FEMININO;SACERDOTE OU MEMBRO DE ORDEM OU SEITA RELIGIOSA;;;MA;;
100002545694;NADSON DO OVO;NADSON MUNIZ ARAÚJO;30555;NOVO;DEPUTADO ESTADUAL;;;;;NÃO ELEITO;MASCULINO;PESCADOR;;;MA;;
100002545693;MAJOR DÉBORA;DÉBORA CRISTINA DA SILVA TAVARES;30193;NOVO;DEPUTADO ESTADUAL;;;;;NÃO ELEITO;FEMININO;BOMBEIRO MILITAR;;;MA;;
100002553908;MANOEL GARIMPEIRO;MANOEL NUNES ALMEIDA;30300;NOVO;DEPUTADO ESTADUAL;;;;;NÃO ELEITO;MASCULINO;COMERCIANTE;;;MA;;
100002550337;YURI CORREA;YURI BRITO CORREA;55155;PSD;DEPUTADO ESTADUAL;;;;;SUPLENTE;MASCULINO;ADVOGADO;;;MA;;
100002550344;DRA VIVIANNE;VIVIANNE MARTINS COELHO E SILVA;55456;PSD;DEPUTADO ESTADUAL;;;;;SUPLENTE;FEMININO;ODONTÓLOGO;;;MA;;
100002550342;SOLDADO LEITE;ALEXANDRE HENRIQUE RIOS LEITE;55190;PSD;DEPUTADO ESTADUAL;;;;;SUPLENTE;MASCULINO;POLICIAL MILITAR;;;MA;;
100002549585;VALBERLENE LOPES;VALBERLENE LOPES DIAS SANTOS;151;MDB;1º SUPLENTE;;;;;NÃO ELEITO;FEMININO;PROFESSOR DE ENSINO FUNDAMENTAL;;;MA;;
100002542865;FERNANDO FIALHO;FERNANDO ANTONIO BRITO FIALHO;111;PSDB;1º SUPLENTE;;;;;ELEITO;MASCULINO;ENGENHEIRO;45-PSDB/23-CIDADANIA;FEDERAÇÃO PSDB CIDADANIA;MA;;
100002549584;CAROL PEREIRA;MARIA CAROLINA DUAILIBE BARROS GOMES;151;MDB;2º SUPLENTE;;;;;NÃO ELEITO;FEMININO;OUTROS;;;MA;;
100002542866;SARGENTO BARBOSA;DENISKLEY ABREU BARBOSA;111;PP;2º SUPLENTE;;;;;ELEITO;MASCULINO;POLICIAL MILITAR;44-UNIÃO/11-PP;FEDERAÇÃO UNIÃO PROGRESSISTA;MA;;
100002542555;RICARDO RODRIGUES;RICARDO RODRIGUES DE MATOS;13;PT;VICE-GOVERNADOR;;;;;NÃO ELEITO;MASCULINO;VEREADOR;13-PT/65-PC do B/43-PV;FEDERAÇÃO BRASIL DA ESPERANÇA - FE BRASIL;MA;;
100002545722;FRANCIVALDO COSTA;FRANCIVALDO DE SOUSA COSTA;40555;PSB;DEPUTADO ESTADUAL;;;;;NÃO ELEITO;MASCULINO;EMPRESÁRIO;;;MA;;
100002553337;FERNANDO IPIRANGA;FERNANDO ANTONIO VICENTE DOS SANTOS;277;DC;1º SUPLENTE;;;;;NÃO ELEITO;MASCULINO;EMPRESÁRIO;;;MA;;
