SQ_CANDIDATO;NR_IDADE_DATA_POSSE;NM_MUNICIPIO_NASCIMENTO;ST_REELEICAO
100002544452;48;AÇAILÂNDIA;
100002541473;41;MONÇÃO;
100002550731;31;MANAUS;
100002537316;62;TERESINA;
100002537307;39;SÃO BENTO;
100002542882;29;SÃO LUÍS;
100002553744;54;CODÓ;
100002545730;31;IMPERATRIZ;
100002535491;33;ANAJATUBA;
100002535482;62;SÃO JOÃO BATISTA;
100002549193;24;CAJARI;
100002545275;29;SÃO LUÍS;
100002535658;53;SÃO MIGUEL DO GUAMÁ;
100002550973;61;NITERÓI;
100002550971;43;PARAUAPEBAS;
100002546934;58;SÃO LUÍS;
100002541478;47;CONCEIÇÃO DO ARAGUAIA;
100002548237;54;BEQUIMÃO;
100002550743;59;VIANA;
100002537313;39;SÃO LUÍS;
100002536097;44;TERESINA;
100002536096;55;SÃO LUÍS;
100002542873;47;SANTA INÊS;
100002550728;58;FORTALEZA;
100002545723;56;POÇÃO DE PEDRAS;
100002549218;64;SÃO LUÍS;
100002545278;41;VIANA;
100002545722;45;PASTOS BONS;
100002540273;40;BACABAL;
100002540272;62;PASTOS BONS;
100002540283;66;TEIXEIRA;
100002540258;56;CAXIAS;
100002540281;38;SÃO LUÍS;
100002535476;42;BARRA DO CORDA;
100002537293;47;SÃO LUÍS;
100002537286;48;MONÇÃO;
100002545257;57;GRAJAÚ;
100002535656;56;TUFILÂNDIA;
100002550957;68;SANTO ANTÔNIO DOS LOPES;
100002545689;64;PIRAPEMAS;
100002546936;59;CODÓ;
100002546923;56;SÃO LUÍS;
100002553418;44;SÃO LUÍS;
100002545712;58;IVAIPORÃ;
100002545701;46;BALSAS;
100002537329;34;BELÉM;
100002545732;54;SÃO LUÍS;
100002543869;32;SÃO LUÍS;
100002546938;47;OEIRAS;
100002537273;41;TERESINA;
100002541477;52;CEDRAL;
100002541466;51;SÃO LUÍS;
100002548247;45;SÃO LUÍS;
100002548243;50;PENALVA;
100002535218;53;CODÓ;
100002536101;39;SÃO LUÍS;
100002542871;41;MATA ROMA;
100002550968;43;SÃO LUÍS;
100002536213;52;SÃO LUÍS;
100002540282;56;SÃO LUÍS;
100002540265;28;SÃO LUÍS;
100002551481;64;CURURUPU;
100002545731;47;SÃO LUÍS;
100002542594;42;SALVADOR;
100002545263;69;PASTOS BONS;
100002545271;51;SÃO LUÍS;
100002542854;59;CODÓ;
100002542866;43;IMPERATRIZ;
100002537257;54;GUIMARÃES;
100002544454;35;TERESINA;
100002541462;40;SÃO LUÍS;
100002545714;54;BONITO;
100002548023;40;BELÉM;
100002554406;45;GOVERNADOR ARCHER;
100002540266;40;SÃO LUÍS;
100002545735;54;SÃO VICENTE FERRER;
100002542577;61;BREJO;
100002550526;29;PINDARÉ-MIRIM;
100002549194;67;CAJARI;
100002550962;64;SÃO LUÍS;
100002550972;32;TERESINA;
100002550959;40;SÃO LUÍS;
100002550964;48;SÃO LUÍS;
100002553400;55;VIANA;
100002545684;79;BARRA DO CORDA;
100002550323;40;PALMEIRA DOS ÍNDIOS;
100002549583;73;SÃO LUÍS;
100002541459;50;MONÇÃO;
100002552699;54;IMPERATRIZ;
100002537264;57;SÃO LUÍS;
100002537270;49;SÃO LUÍS;
100002541463;47;JACUNDÁ;
100002535244;42;SÃO BERNARDO;
100002535247;48;SÃO LUÍS;
100002552700;67;TERESINA;
100002546933;74;PENALVA;
100002535239;58;CURURUPU;
100002535251;52;BODOCÓ;
100002550742;54;SÃO LUÍS;
100002545706;29;LAGOA DO MATO;
100002545707;28;PRESIDENTE DUTRA;
100002542879;47;SÃO LUÍS;
100002553336;58;BACABAL;
100002540275;50;SANTOS DUMONT;
100002540280;43;BARÃO DE GRAJAÚ;
100002537288;51;SÃO LUÍS;
100002545258;41;GRAJAÚ;
100002535659;39;PARNAÍBA;
100002542857;56;MATA ROMA;
100002550335;48;SÃO LUÍS;
100002544076;42;SÃO PAULO;
100002541474;70;COROATÁ;
100002535227;34;SÃO LUÍS;
100002535231;37;AÇAILÂNDIA;
100002535221;51;MIRADOR;
100002537301;69;AXIXÁ;
100002542560;35;ITAPECURU MIRIM;
100002548852;44;SÃO LUÍS;
100002551391;68;SÃO LUÍS;
100002535487;45;SÃO LUÍS;
100002540278;48;POÇÃO DE PEDRAS;
100002540274;23;SÃO LUÍS;
100002542584;39;SANTA INÊS;
100002535490;48;VIANA;
100002537289;49;SÃO LUÍS;
100002549207;54;ROSÁRIO;
100002549200;61;ITAPECURU MIRIM;
100002549220;21;BELÉM;
100002545265;39;SÃO BENTO;
100002550956;55;PINHEIRO;
100002550969;44;VITÓRIA DO MEARIM;
100002550344;50;URUÇUÍ;
100002544453;35;TERESINA;
100002548234;54;BALSAS;
100002535222;44;PRESIDENTE DUTRA;
100002545703;54;BARRA DO CORDA;
100002537310;65;SÃO LUÍS;
100002542562;36;PINHEIRO;
100002542575;60;CARAZINHO;
100002542573;36;SÃO LUÍS;
100002548021;58;BARRA DO CORDA;
100002542556;45;RIO DE JANEIRO;
100002535245;43;SÃO LUÍS;
100002548248;47;VIANA;
100002537302;51;BARREIRINHAS;
100002534191;45;SÃO LUÍS;
100002543870;48;SÃO LUÍS;
100002553399;40;SÃO LUÍS;
100002540268;42;CODÓ;
100002545733;46;SÃO LUÍS;
100002542581;59;IMPERATRIZ;
100002537291;24;SÃO LUÍS;
100002549219;45;VARGEM GRANDE;
100002545690;46;SÃO LUÍS;
100002545685;66;CAXIAS;
100002546927;60;COLINAS;
100002546935;49;QUIXERAMOBIM;
100002537268;52;SÃO LUÍS;
100002548251;41;TERESINA;
100002535234;36;TERESINA;
100002550744;36;AÇAILÂNDIA;
100002545715;51;SIMPLÍCIO MENDES;
100002537312;46;SÃO LUÍS;
100002537318;58;NAZARÉ;
100002542574;44;VARGEM GRANDE;
100002549013;40;IMPERATRIZ;
100002554372;54;SÃO VICENTE FERRER;
100002545717;29;BACABAL;
100002545727;45;SÃO LUÍS;
100002545724;40;SÃO BENTO;
100002551518;43;SÃO LUÍS;
100002549217;76;SÃO LUÍS;
100002550963;64;SÃO LUÍS;
100002550950;36;ESTREITO;
100002545696;44;ARAGUAÍNA;
100002536212;50;IMPERATRIZ;
100002542876;33;SÃO LUÍS;
100002551389;52;CEDRAL;
100002551393;62;SÃO LUÍS;
100002537266;62;SÃO LUÍS;
100002537259;32;IMPERATRIZ;
100002544444;41;SÃO LUÍS;
100002548241;68;ITAPECURU MIRIM;
100002548015;55;CAJARI;
100002553338;50;MONTEIRO;
100002542592;46;JOÃO PESSOA;
100002537283;48;IMPERATRIZ;
100002549199;47;IMPERATRIZ;
100002542582;41;LAGO DA PEDRA;
100002535480;57;PEDREIRAS;
100002537296;41;AÇAILÂNDIA;
100002537297;51;ALTAMIRA DO MARANHÃO;
100002545276;48;SÃO LUÍS;
100002545274;27;SÃO LUÍS;
100002535654;44;SÃO LUÍS;
100002550954;54;LAGO DA PEDRA;
100002542852;44;FORTALEZA;
100002550336;38;TUNTUM;
100002537364;66;NANUQUE;
100002548012;82;ARRAIAL;
100002544073;43;IMPERATRIZ;
100002546420;25;SÃO LUÍS;
100002546937;69;SÃO LUÍS;
100002541470;39;PINHEIRO;
100002535248;45;TUNTUM;
100002535242;52;PINHEIRO;
100002550735;39;SANTA INÊS;
100002545698;64;FORTALEZA;
100002537304;37;CODÓ;
100002537303;44;BOM JESUS DAS SELVAS;
100002549015;70;REGENERAÇÃO;
100002540267;34;TUNTUM;
100002540262;47;SÃO LUÍS;
100002551519;66;SÃO LUÍS;
100002535489;68;SÃO LUÍS;
100002549197;34;IMPERATRIZ;
100002545272;40;SÃO LUÍS;
100002542860;39;SÃO LUÍS;
100002545686;57;CAXIAS;
100002550420;45;SÃO LUÍS;
100002554354;75;BACABAL;
100002550337;44;BELÉM;
100002550330;53;SÃO LUÍS;
100002534190;55;SÃO LUÍS;
100002546922;43;SÃO LUÍS;
100002537258;42;IMPERATRIZ;
100002544447;43;PINHEIRO;
100002535238;33;COELHO NETO;
100002535217;40;ARARI;
100002535224;40;SANTA INÊS;
100002550733;30;GRAJAÚ;
100002545711;42;SOBRAL;
100002548024;30;BACABAL;
100002542875;39;SÃO LUÍS;
100002542578;20;CAXIAS;
100002542564;44;SÃO LUÍS;
100002542877;44;SÃO LUÍS;
100002540264;77;SÃO DOMINGOS DO MARANHÃO;
100002540270;72;CODÓ;
100002545729;42;SÃO LUÍS;
100002537287;38;PEDREIRAS;
100002545261;55;MONÇÃO;
100002545267;39;SÃO DOMINGOS DO MARANHÃO;
100002535648;41;BALSAS;
100002550960;51;SÃO LUÍS;
100002546932;42;SÃO LUÍS;
100002537265;42;SÃO LUÍS;
100002535250;39;ITAITUBA;
100002550737;40;SÃO LUÍS;
100002545713;49;CACIMBA DE DENTRO;
100002537305;45;DOM PEDRO;
100002548016;47;SANTA RITA;
100002549135;28;SÃO LUÍS;
100002540261;29;BACABAL;
100002542580;40;IMPERATRIZ;
100002535650;49;CAXIAS;
100002550418;61;PASTOS BONS;
100002544450;36;SÃO JOSÉ DE RIBAMAR;
100002535249;60;VIANA;
100002548245;48;SÃO LUÍS;
100002535229;32;SÃO LUÍS;
100002553417;47;MONÇÃO;
100002545700;53;BACABAL;
100002537314;71;SÃO LUÍS;
100002537311;41;SÃO LUÍS;
100002548028;62;SÃO LUÍS;
100002537326;24;BARRA DO CORDA;
100002537261;55;MONÇÃO;
100002551483;40;ITAITUBA;
100002540279;46;IMPERATRIZ;
100002535494;71;PARNAÍBA;
100002545253;55;BEQUIMÃO;
100002542864;37;JABOATÃO DOS GUARARAPES;
100002545694;34;VIANA;
100002554412;59;ROSÁRIO;
100002535230;65;BELO HORIZONTE;
100002550729;37;ARARI;
100002548031;27;FORTUNA;
100002546929;71;SÃO LUÍS;
100002550740;71;SÃO LUÍS;
100002537337;47;CAXIAS;
100002540271;39;SÃO LUÍS;
100002537285;45;MATA ROMA;
100002536089;40;SÃO LUÍS;
100002548252;44;BRASÍLIA;
100002537327;31;MAGALHÃES DE ALMEIDA;
100002545704;66;BURITI BRAVO;
100002535484;68;SÃO JOÃO DOS PATOS;
100002535477;59;CAXIAS;
100002537281;30;DUQUE BACELAR;
100002549201;39;ITAPECURU MIRIM;
100002545269;35;SÃO LUÍS;
100002550955;37;PAÇO DO LUMIAR;
100002545679;50;SÃO LUÍS;
100002546924;45;SÃO LUÍS;
100002546925;40;PEDREIRAS;
100002550736;52;SÃO BENTO;
100002545705;57;CAXIAS;
100002537315;58;TURIAÇU;
100002542569;55;SÃO LUÍS;
100002551520;58;SÃO LUÍS;
100002537325;61;BALSAS;
100002550325;68;BREJO;
100002542579;38;CAXIAS;
100002549206;31;PRESIDENTE DUTRA;
100002549212;73;SÃO LUÍS;
100002550974;53;PAULISTA;
100002542859;56;SÃO LUÍS;
100002554113;71;SÃO LUÍS;
100002552702;65;ROSÁRIO;
100002545693;40;SÃO LUÍS;
100002550333;44;SÃO LUÍS;
100002548011;48;MARCOS PARENTE;
100002546921;58;PINDARÉ-MIRIM;
100002537260;49;ITINGA DO MARANHÃO;
100002541467;48;JOÃO LISBOA;
100002545709;53;SÃO LUÍS;
100002548020;39;BARRA DO CORDA;
100002554405;44;MONGAGUÁ;
100002537365;73;PARNAMIRIM;
100002541460;49;PARNAÍBA;
100002537262;58;PALMEIRÂNDIA;
100002540260;39;SÃO LUÍS;
100002549203;54;PALMEIRÂNDIA;
100002536211;68;CAROLINA;
100002545254;41;BOM JARDIM;
100002545270;39;SÃO LUÍS;
100002545259;65;LIMA CAMPOS;
100002535657;48;TUNTUM;
100002549216;52;SÃO LUÍS;
100002550958;32;SÃO FRANCISCO DO MARANHÃO;
100002542861;40;SÃO LUÍS;
100002545682;41;FORTALEZA;
100002553908;79;BATALHA;
100002550331;36;SÃO LUÍS;
100002542872;44;PINHEIRO;
100002554370;47;MONÇÃO;
100002544448;59;JOÃO LISBOA;
100002535243;47;SANTA HELENA;
100002535236;65;BARRA DO CORDA;
100002548236;53;BARRA DO CORDA;
100002548249;54;COLATINA;
100002535223;43;ROSÁRIO;
100002542557;46;BALSAS;
100002550419;55;PEDREIRAS;
100002536100;45;SÃO LUÍS;
100002540276;36;GRAJAÚ;
100002545736;47;VARGEM GRANDE;
100002545720;63;MONÇÃO;
100002535492;55;PATOS;
100002549191;58;BACABAL;
100002545262;63;MONÇÃO;
100002545266;54;SÃO BERNARDO;
100002535651;44;JOÃO LISBOA;
100002550332;44;SÃO LUÍS;
100002550342;41;TERESINA;
100002537272;40;VÁRZEA ALEGRE;
100002541464;65;SÃO LUÍS;
100002548246;42;SÃO LUÍS;
100002554407;84;SÃO LUÍS;
100002542593;52;VOTUPORANGA;
100002535485;45;SÃO LUÍS;
100002549195;47;CHAPADINHA;
100002545264;35;PINHEIRO;
100002542858;42;SÃO JOÃO BATISTA;
100002536091;43;TERESINA;
100002537269;40;SÃO LUÍS;
100002541475;39;SÃO LUÍS;
100002535237;45;BREJO;
100002542561;58;PEDREIRAS;
100002542568;46;SÃO LUÍS;
100002554369;60;SÃO LUÍS;
100002542874;60;SANTO ANTÔNIO DOS LOPES;
100002541471;53;SÃO LUÍS;
100002554469;42;PALMEIRÂNDIA;
100002542589;57;GOIÂNIA;
100002551482;30;SÃO LUÍS;
100002540269;36;SANTA LUZIA;
100002545726;40;SÃO LUÍS;
100002542585;23;SÃO LUÍS;
100002545692;44;SÃO LUÍS;
100002545683;48;BALSAS;
100002550345;28;ARACAJU;
100002550328;38;PEDREIRAS;
100002550340;64;CATOLÉ DO ROCHA;
100002544446;58;RANCHARIA;
100002541465;41;PRESIDENTE DUTRA;
100002551359;72;VIANA;
100002538701;34;SÃO LUÍS;
100002535233;47;RECIFE;
100002550739;46;SÃO LUÍS;
100002550732;53;CHAPADINHA;
100002537309;46;SÃO LUÍS;
100002542559;52;ITAPECURU MIRIM;
100002542572;48;SÃO LUÍS;
100002542565;46;SÃO LUÍS;
100002540277;48;CODÓ;
100002542885;53;SÃO PAULO;
100002542868;44;FORTALEZA;
100002551392;44;SÃO LUÍS;
100002542555;37;CAXIAS;
100002542865;63;FORTALEZA;
100002540257;38;SÃO LUÍS;
100002554395;65;SÃO LUÍS;
100002542583;37;PEDREIRAS;
100002542590;30;ANAJATUBA;
100002537294;46;TUTÓIA;
100002549196;59;CURURUPU;
100002545252;53;BEQUIMÃO;
100002545255;51;CAROLINA;
100002535653;40;SÃO LUÍS;
100002552701;59;MATINHA;
100002546930;57;ALAGOINHA;
100002541480;71;RIO DE JANEIRO;
100002535219;30;IMPERATRIZ;
100002554114;58;CAXIAS;
100002554314;55;ROSÁRIO;
100002553419;63;RECIFE;
100002545699;72;BACABAL;
100002545710;43;SÍTIO NOVO;
100002545716;53;PAULO AFONSO;
100002548030;63;CHAPADINHA;
100002548026;67;COLINAS;
100002548017;77;CAXIAS;
100002549204;43;PENALVA;
100002545680;57;ANÁPOLIS;
100002545260;54;MATINHA;
100002550965;39;SÃO LUÍS;
100002545688;53;PEDREIRAS;
100002545695;47;RIBEIRO GONÇALVES;
100002549014;58;ITAPECURU MIRIM;
100002541479;51;BACABAL;
100002535225;63;SÃO JOÃO BATISTA;
100002535235;43;RIO DE JANEIRO;
100002550734;63;PINDARÉ-MIRIM;
100002550745;44;TUCURUÍ;
100002542570;46;SÃO LUÍS;
100002542567;34;SÃO LUÍS;
100002542571;31;SÃO LUÍS;
100002542563;40;SÃO LUÍS;
100002536094;48;SÃO LUÍS;
100002536098;67;SÃO LUÍS;
100002554371;65;ALCÂNTARA;
100002554367;69;IMPERATRIZ;
100002542586;51;SÃO LUÍS;
100002542576;62;FORTALEZA;
100002535493;50;FLORIANO;
100002537295;64;VIANA;
100002549192;59;CAJARI;
100002553740;42;SIMPLÍCIO MENDES;
100002549210;46;SÃO LUÍS;
100002535649;48;BEQUIMÃO;
100002546928;57;SÃO LUÍS;
100002537255;48;CODÓ;
100002541476;44;TERESINA;
100002535232;56;ANAJATUBA;
100002537306;68;PEDREIRAS;
100002548027;27;SÃO LUÍS;
100002553724;45;SANTA INÊS;
100002536093;58;SÃO LUÍS;
100002536092;75;FORTUNA;
100002550524;75;IMPERATRIZ;
100002553337;51;SÃO MATEUS DO MARANHÃO;
100002537280;47;CHAPADINHA;
100002535652;54;MATÕES;
100002550951;70;ICATU;
100002542856;43;ITAPECURU MIRIM;
100002550338;34;BELÉM;
100002550329;37;SANTA INÊS;
100002542867;37;SANTA INÊS;
100002549202;51;MATINHA;
100002549205;52;PINDARÉ-MIRIM;
100002550949;43;COELHO NETO;
100002542863;41;RUSSAS;
100002545691;64;SÃO LUÍS;
100002548244;57;PRESIDENTE VARGAS;
100002548240;50;IMPERATRIZ;
100002548242;50;MIRINZAL;
100002535220;43;JOÃO LISBOA;
100002545702;41;BALSAS;
100002545708;53;PRESIDENTE DUTRA;
100002537308;47;SÃO JOSÉ DE RIBAMAR;
100002544074;62;PIRAPEMAS;
100002551399;61;SÃO LUÍS;
100002551398;54;JOÃO LISBOA;
100002542883;57;BELÉM;
100002545719;63;JOÃO LISBOA;
100002535483;51;SÃO JOÃO BATISTA;
100002545273;61;SÃO LUÍS;
100002545277;30;SÃO LUÍS;
100002550966;61;SÃO LUÍS;
100002542862;47;TUNTUM;
100002548853;47;ARAME;
100002537267;49;SÃO LUÍS;
100002544445;37;CHAPADINHA;
100002535252;50;PALMAS;
100002537317;46;TERESINA;
100002542566;53;SÃO LUÍS;
100002548019;34;GRAJAÚ;
100002548018;46;SÃO LUÍS;
100002537366;65;TAPERA;
100002549584;43;IMPERATRIZ;
100002542880;46;SÃO LUÍS;
100002537330;26;REDENÇÃO;
100002546931;42;SÃO LUÍS;
100002545738;30;MACAPÁ;
100002537279;44;BALSAS;
100002549221;56;TERESINA;
100002549215;46;SÃO LUÍS;
100002545251;73;BARREIRINHAS;
100002545280;60;PARNAÍBA;
100002550961;46;SÃO LUÍS;
100002550326;41;IMPERATRIZ;
100002548025;24;BARREIRINHAS;
100002544075;45;SÃO LUÍS;
100002546926;71;SÃO LUÍS;
100002550970;56;CAPITÃO POÇO;
100002545279;62;ARAIOSES;
100002542591;54;MARIA HELENA;
100002542588;64;TIMBIRAS;
100002542587;47;SÃO LUÍS;
100002550525;36;CANTANHEDE;
100002535475;46;CRATEÚS;
100002535486;47;SÃO LUÍS;
100002537284;46;IMPERATRIZ;
100002537282;44;GRAJAÚ;
100002549213;59;SÃO LUÍS;
100002542853;41;BURITICUPU;
100002544451;39;VIANA;
100002541468;54;SÃO LUÍS;
100002548250;43;AÇAILÂNDIA;
100002550741;44;SÃO LUÍS;
100002550738;51;SÃO LUÍS;
100002548022;45;SÃO LUÍS;
100002536095;37;SÃO LUÍS;
100002542869;28;CAXIAS;
100002537328;29;SÃO LUÍS;
100002537339;38;SÃO LUÍS;
100002535246;20;SÃO LUÍS;
100002548013;35;CHAPADINHA;
100002545728;42;SÃO LUÍS;
100002545721;31;MONÇÃO;
100002535479;40;IMPERATRIZ;
100002549214;54;SÃO LUÍS;
100002535655;35;SÃO LUÍS;
100002550967;62;SÃO LUÍS;
100002545697;49;TOCANTINÓPOLIS;
100002550339;49;CAMPINA GRANDE;
100002550327;52;MIRINZAL;
100002537338;47;IMPERATRIZ;
100002545687;42;CAXIAS;
100002545681;58;BOA VIAGEM;
100002550334;44;SÃO LUÍS;
100002550324;42;BOM JARDIM;
100002537271;34;PARAMBU;
100002541469;43;BALSAS;
100002535240;57;FORTALEZA DOS NOGUEIRAS;
100002551360;44;MATINHA;
100002548235;54;BARÃO DE GRAJAÚ;
100002538702;63;SÃO LUÍS;
100002550730;48;BURITI;
100002536088;45;IMPERATRIZ;
100002542870;33;IMPERATRIZ;
100002542881;41;SÃO LUÍS;
100002549136;23;SÃO CARLOS;
100002549585;49;PASSAGEM FRANCA;
100002548851;54;SANTO ANTÔNIO DOS LOPES;
100002540256;40;SÃO LUÍS;
100002545739;55;ITAGUATINS;
100002545718;54;CURURUPU;
100002545725;44;SÃO LUÍS;
100002535481;47;SANTA LUZIA;
100002537278;48;CARIÚS;
100002537292;42;SÃO LUÍS;
100002537290;36;SÃO LUÍS;
100002549198;53;IMPERATRIZ;
100002550341;46;PARNAÍBA;
100002550343;56;TERESINA;
100002537263;53;SÃO LUÍS;
100002548238;51;COROATÁ;
100002548239;44;ICATU;
100002542558;35;COROATÁ;
100002542878;47;SÃO LUÍS;
100002554452;34;CODÓ;
100002551390;64;SÃO LUÍS;
100002541461;37;LAGO DA PEDRA;
100002535496;59;SÃO GONÇALO;
100002545734;30;SÃO LUÍS;
100002545737;59;VIANA;
100002535495;54;LAMBARI;
100002535478;46;CAXIAS;
100002535488;22;SÃO LUÍS;
100002537299;58;APICUM-AÇU;
100002549209;64;SÃO JOSÉ DE RIBAMAR;
100002545256;52;CAXIAS;
100002542855;22;GOVERNADOR NUNES FREIRE;
100002537256;36;ESPERANTINÓPOLIS;
100002544449;48;SÃO VICENTE FERRER;
100002541472;53;SÃO LUÍS;
100002535241;55;PINDARÉ-MIRIM;
100002535226;59;SÃO LUÍS;
100002550746;40;RIO DE JANEIRO;
100002554408;45;SÃO LUÍS;
100002548029;22;SANTA LUZIA;
100002548014;59;ALTEROSA;
100002536090;54;SANTA LUZIA;
100002536099;56;BACABAL;
100002542884;43;JACUNDÁ;
100002551394;68;SÃO LUÍS GONZAGA DO MARANHÃO;
100002535228;43;SÃO LUÍS;
100002537298;53;ANAJATUBA;
100002549208;46;SANTO ANTÔNIO DOS LOPES;
100002540259;60;SÃO FRANCISCO;
100002540263;41;PRESIDENTE DUTRA;
100002537300;74;RECIFE;
100002549211;53;SÃO LUÍS;
100002545268;54;SÃO JOÃO BATISTA;
100002550952;41;IMPERATRIZ;
100002550953;55;IMPERATRIZ;
